0,20,-0.0221,4.5000,0.4921,0.0000,0.0000,1,0.0080,1.5027,collision,0.2486,2.3995
1,9,-2.4741,1.7304,0.4962,0.0000,0.0000,0,0.0067,1.3048,collision,0.2736,1.9995
2,39,21.0953,15.4416,0.4907,0.0000,0.0000,5,0.0132,1.5390,goal,0.5628,5.0476
3,18,0.6726,3.9446,0.4903,0.0000,0.0000,1,0.0090,1.5301,collision,0.2702,2.4072
4,15,0.3111,3.9468,0.4943,0.0000,0.0000,1,0.0115,1.4968,collision,0.3226,2.3975
5,11,0.3414,3.9539,0.4912,0.0000,0.0000,1,0.0144,1.5509,collision,0.4245,2.3857
6,63,16.1909,15.1237,0.4913,0.0000,0.0000,5,0.0108,1.5520,goal,0.2917,3.9863
7,14,0.3799,3.9783,0.4913,0.0000,0.0000,1,0.0141,1.4626,collision,0.3494,2.4131
8,13,0.3030,3.9433,0.4901,0.0000,0.0000,1,0.0137,1.4959,collision,0.3659,2.4008
9,15,0.2776,4.1128,0.4914,0.0000,0.0000,1,0.0114,1.5488,collision,0.3178,2.4012
10,10,0.6499,3.9450,0.4893,0.0000,0.0000,1,0.0160,1.7254,collision,0.4654,2.4103
11,12,0.0921,4.5590,0.4938,0.0000,0.0000,1,0.0157,1.6200,collision,0.4039,2.3994
12,20,0.6411,3.9886,0.4898,0.0000,0.0000,1,0.0108,1.7499,collision,0.2505,2.3893
13,16,0.3488,3.9565,0.4900,0.0000,0.0000,1,0.0095,1.4740,collision,0.3066,2.4017
14,37,0.5551,3.9429,0.4912,0.0000,0.0000,1,0.0095,1.4100,collision,0.1538,2.4224
15,17,0.8018,4.8549,0.4880,0.0000,0.0000,1,0.0119,1.5028,collision,0.2938,2.3967
16,19,-2.4078,2.7759,0.4927,0.0000,0.0000,0,0.0082,1.6378,collision,0.1525,2.0159
17,28,0.7889,3.9908,0.4900,0.0000,0.0000,1,0.0131,1.5845,collision,0.1852,2.3980
18,9,-1.9797,0.3277,0.4915,0.0000,0.0000,0,0.0109,1.3532,collision,0.2516,2.0120
19,6,-2.0140,1.0044,0.4938,0.0000,0.0000,0,0.0144,1.8245,collision,0.3604,2.0125
20,18,0.2963,4.0166,0.4893,0.0000,0.0000,1,0.0116,1.7377,collision,0.2787,2.3881
21,10,0.5047,4.0221,0.4888,0.0000,0.0000,1,0.0169,1.5366,collision,0.4602,2.4088
22,17,0.2840,3.9347,0.4907,0.0000,0.0000,1,0.0091,1.4786,collision,0.2885,2.3762
23,22,0.6608,3.9339,0.4912,0.0000,0.0000,1,0.0128,1.3442,collision,0.2286,2.4051
24,17,0.2555,3.9436,0.4918,0.0000,0.0000,1,0.0084,1.6602,collision,0.2945,2.3920
25,10,-2.5205,1.7843,0.4970,0.0000,0.0000,0,0.0079,1.5182,collision,0.2527,2.0138
26,12,-0.0026,3.1725,0.4931,0.0000,0.0000,1,0.0098,1.6167,collision,0.4036,2.4079
27,8,-2.3299,0.3936,0.4955,0.0000,0.0000,0,0.0040,1.2593,out,0.2880,2.0013
28,14,0.6010,3.9326,0.4879,0.0000,0.0000,1,0.0096,1.5823,collision,0.3350,2.4032
29,25,0.8433,4.0336,0.4904,0.0000,0.0000,1,0.0106,1.4906,collision,0.2117,2.4010
30,18,0.7773,3.9297,0.4899,0.0000,0.0000,1,0.0086,1.3524,collision,0.2765,2.4067
31,12,0.5879,3.9613,0.4910,0.0000,0.0000,1,0.0136,1.6123,collision,0.4082,2.4104
32,31,0.8024,4.6402,0.4901,0.0000,0.0000,1,0.0099,1.4567,collision,0.1757,2.4183
33,19,0.3196,3.9721,0.4899,0.0000,0.0000,1,0.0100,1.5021,collision,0.2625,2.4038
34,35,-2.4183,2.8385,0.4919,0.0000,0.0000,0,0.0086,1.4244,collision,0.0840,2.0043
35,22,0.5257,3.9787,0.4906,0.0000,0.0000,1,0.0107,1.2799,collision,0.2249,2.4105
36,17,0.4080,3.9320,0.4893,0.0000,0.0000,1,0.0108,1.3201,collision,0.2847,2.4243
37,33,2.5772,7.9341,0.4925,0.0000,0.0000,2,0.0099,1.3953,collision,0.2520,2.8210
38,12,-1.4710,2.2457,0.4890,0.0000,0.0000,0,0.0142,1.3187,collision,0.2101,2.0216
39,15,0.3879,3.9815,0.4900,0.0000,0.0000,1,0.0128,1.6494,collision,0.3412,2.3882
40,38,0.2552,4.9354,0.4913,0.0000,0.0000,1,0.0086,1.4907,collision,0.1479,2.4140
41,10,-1.4789,0.6869,0.4877,0.0000,0.0000,0,0.0164,1.6987,collision,0.2479,2.0155
42,31,2.4969,7.2627,0.4924,0.0000,0.0000,2,0.0104,1.5985,collision,0.2704,2.7966
43,18,0.7139,3.9391,0.4895,0.0000,0.0000,1,0.0125,1.4535,collision,0.2661,2.3853
44,10,0.0889,3.0886,0.4951,0.0000,0.0000,1,0.0116,1.6014,collision,0.4828,2.3959
45,27,-0.0490,3.9013,0.4925,0.0000,0.0000,1,0.0089,1.3025,collision,0.1902,2.4031
46,10,-1.4219,1.5324,0.4873,0.0000,0.0000,0,0.0159,1.5406,collision,0.2538,2.0076
47,30,2.5610,7.3973,0.4938,0.0000,0.0000,2,0.0104,1.5245,collision,0.2748,2.7962
48,12,0.3939,3.9615,0.4920,0.0000,0.0000,1,0.0110,1.3651,collision,0.3872,2.4109
49,18,0.4265,3.9388,0.4902,0.0000,0.0000,1,0.0087,1.4961,collision,0.2768,2.3870
50,12,0.5608,3.9383,0.4879,0.0000,0.0000,1,0.0167,1.6284,collision,0.3911,2.3843
51,42,15.5647,15.3939,0.4916,0.0000,0.0000,5,0.0138,1.4376,goal,0.4042,3.9804
52,17,0.3905,3.9514,0.4909,0.0000,0.0000,1,0.0084,1.4563,collision,0.2816,2.3806
53,11,0.7666,3.9357,0.4896,0.0000,0.0000,1,0.0164,1.6290,collision,0.4297,2.3864
54,14,0.3400,3.9477,0.4903,0.0000,0.0000,1,0.0121,1.6687,collision,0.3396,2.3974
55,41,2.3248,7.2236,0.4937,0.0000,0.0000,2,0.0105,1.3318,collision,0.2123,2.7919
56,55,15.6763,15.6614,0.4911,0.0000,0.0000,5,0.0116,1.4156,goal,0.3172,3.9809
57,21,0.3798,4.0168,0.4921,0.0000,0.0000,1,0.0122,1.2160,collision,0.2459,2.3966
58,19,0.3169,3.9453,1.0495,0.0000,0.0000,1,0.0125,1.0495,collision,0.2526,2.3958
59,4,-2.0088,0.0000,0.4940,0.0000,0.0000,0,-0.0016,1.1728,out,0.5067,1.9896
60,11,0.2809,3.9406,0.4937,0.0000,0.0000,1,0.0126,1.5975,collision,0.4335,2.4054
61,15,0.4598,3.9404,0.4909,0.0000,0.0000,1,0.0108,1.3511,collision,0.3202,2.4108
62,23,0.2790,3.9622,0.4912,0.0000,0.0000,1,0.0098,1.4610,collision,0.2249,2.3811
63,65,16.9162,15.4676,0.4898,0.0000,0.0000,5,0.0142,1.4650,goal,0.2793,3.9791
64,32,0.2046,3.9462,0.4945,0.0000,0.0000,1,0.0092,1.3573,collision,0.1751,2.3923
65,27,0.3687,3.9174,0.4921,0.0000,0.0000,1,0.0096,1.2109,collision,0.1882,2.3945
66,19,0.4456,3.9440,0.4910,0.0000,0.0000,1,0.0076,1.3191,collision,0.2621,2.3912
67,14,0.2830,3.9544,0.4910,0.0000,0.0000,1,0.0145,1.6999,collision,0.3428,2.3969
68,11,0.4555,4.0053,0.4915,0.0000,0.0000,1,0.0146,1.6500,collision,0.4210,2.3953
69,25,0.6941,3.9517,0.4908,0.0000,0.0000,1,0.0106,1.3331,collision,0.2042,2.3901
70,78,15.0015,15.2139,1.0251,0.0000,0.0000,5,0.0103,1.0251,goal,0.2232,3.9988
71,14,0.0622,3.2482,0.4959,0.0000,0.0000,1,0.0110,1.2187,collision,0.3449,2.4019
72,22,0.4912,3.9089,0.4908,0.0000,0.0000,1,0.0107,1.5674,collision,0.2339,2.4005
73,61,15.4556,15.2148,0.4912,0.0000,0.0000,5,0.0114,1.4298,goal,0.2869,3.9833
74,64,15.4374,15.3160,0.4906,0.0000,0.0000,5,0.0115,1.3987,goal,0.2771,3.9825
75,33,0.5445,3.9646,0.4928,0.0000,0.0000,1,0.0091,1.3103,collision,0.1654,2.4148
76,10,-1.4342,1.4877,0.4879,0.0000,0.0000,0,0.0140,1.4116,collision,0.2530,2.0030
77,13,0.5830,3.9621,0.4885,0.0000,0.0000,1,0.0125,1.4670,collision,0.3612,2.3898
78,6,-1.9923,0.1238,0.4930,0.0000,0.0000,0,0.0078,1.6023,collision,0.3539,2.0117
79,3,-2.0206,0.0000,0.4895,0.0000,0.0000,0,0.0006,1.1421,out,0.6687,1.9974
80,16,-2.4940,1.7673,0.4957,0.0000,0.0000,0,0.0068,1.3427,collision,0.1564,2.0131
81,16,0.6401,3.9522,0.4875,0.0000,0.0000,1,0.0115,1.3821,collision,0.3048,2.4072
82,26,0.5098,3.9427,0.4910,0.0000,0.0000,1,0.0080,1.4425,collision,0.1943,2.3873
83,24,0.8319,5.0577,0.4894,0.0000,0.0000,1,0.0108,1.5103,collision,0.2205,2.3940
84,12,0.3776,3.9963,0.4928,0.0000,0.0000,1,0.0166,1.5944,collision,0.3921,2.3803
85,26,2.9767,6.6811,0.4917,0.0000,0.0000,2,0.0116,1.4269,collision,0.3052,2.7907
86,41,3.8148,8.7264,0.4900,0.0000,0.0000,2,0.0121,1.3542,collision,0.2093,2.7833
87,53,2.6637,8.4910,0.4921,0.0000,0.0000,2,0.0102,1.2767,collision,0.1670,2.8027
88,4,-2.0756,0.0000,0.4920,0.0000,0.0000,0,0.0023,1.5605,out,0.5252,1.9915
89,9,0.3864,3.9782,0.4912,0.0000,0.0000,1,0.0143,1.5261,collision,0.5020,2.3894
90,17,0.6130,3.9206,0.4898,0.0000,0.0000,1,0.0114,1.5567,collision,0.2896,2.4010
91,13,0.3967,3.9917,0.4909,0.0000,0.0000,1,0.0124,1.5651,collision,0.3548,2.3871
92,13,0.6339,3.9698,0.4857,0.0000,0.0000,1,0.0123,1.5362,collision,0.3656,2.4008
93,20,0.7432,3.9659,0.4900,0.0000,0.0000,1,0.0120,1.4142,collision,0.2556,2.3859
94,14,0.8082,3.9802,0.4893,0.0000,0.0000,1,0.0137,1.3555,collision,0.3447,2.4205
95,20,0.5448,3.9200,0.4921,0.0000,0.0000,1,0.0127,1.4288,collision,0.2567,2.3972
96,19,0.3738,3.9642,0.4891,0.0000,0.0000,1,0.0099,1.2117,collision,0.2626,2.3949
97,5,-1.9688,0.4122,0.4933,0.0000,0.0000,0,0.0160,1.4506,collision,0.4200,2.0235
98,25,2.2511,7.2705,0.4928,0.0000,0.0000,2,0.0115,1.5657,collision,0.3341,2.7910
99,15,0.6637,3.9681,0.4886,0.0000,0.0000,1,0.0110,1.4540,collision,0.3179,2.3957
100,17,0.3412,4.2155,0.4933,0.0000,0.0000,1,0.0106,1.4968,collision,0.2905,2.4219
101,11,0.3847,3.9517,0.4897,0.0000,0.0000,1,0.0078,1.4382,collision,0.4095,2.4010
102,22,-2.4832,1.7915,0.4942,0.0000,0.0000,0,0.0070,1.2394,collision,0.1194,2.0058
103,38,0.4810,3.9621,0.4900,0.0000,0.0000,1,0.0090,1.2952,collision,0.1451,2.3877
104,29,0.3477,3.9784,0.4897,0.0000,0.0000,1,0.0087,1.3981,collision,0.1819,2.3934
105,10,0.3782,3.9454,0.4900,0.0000,0.0000,1,0.0120,1.6337,collision,0.4560,2.3894
106,17,0.0434,3.2567,0.4939,0.0000,0.0000,1,0.0093,1.5515,collision,0.2879,2.4069
107,57,15.6034,15.1693,0.4912,0.0000,0.0000,5,0.0113,1.5415,goal,0.3077,3.9905
108,8,0.4631,3.9710,0.4895,0.0000,0.0000,1,0.0151,1.8683,collision,0.5707,2.4056
109,10,-1.4500,1.8814,0.4886,0.0000,0.0000,0,0.0157,1.6240,collision,0.2539,2.0197
110,16,0.4709,3.9805,0.4896,0.0000,0.0000,1,0.0101,1.5203,collision,0.3005,2.4103
111,40,2.9089,6.4127,0.4917,0.0000,0.0000,2,0.0099,1.3757,collision,0.2038,2.7942
112,57,2.6797,7.9975,0.4916,0.0000,0.0000,2,0.0094,1.2286,collision,0.1605,2.7826
113,52,0.0250,3.8666,0.4906,0.0000,0.0000,1,0.0061,1.3433,collision,0.1118,2.4096
114,3,-1.9981,0.0000,0.4942,0.0000,0.0000,0,0.0122,1.9181,collision,0.6856,2.0138
115,12,0.5803,3.9715,0.4898,0.0000,0.0000,1,0.0125,1.8046,collision,0.4071,2.3819
116,15,0.2897,3.9370,1.0764,0.0000,0.0000,1,0.0095,1.0764,collision,0.3060,2.3868
117,11,0.5036,3.9407,0.4894,0.0000,0.0000,1,0.0091,1.6459,collision,0.4229,2.3878
118,16,0.8207,4.0014,1.1149,0.0000,0.0000,1,0.0153,1.1149,collision,0.3003,2.4136
119,21,0.9925,3.6546,0.4860,0.0000,0.0000,1,0.0133,1.3891,collision,0.2455,2.4121
120,45,2.6288,7.4365,0.4919,0.0000,0.0000,2,0.0098,1.3379,collision,0.1821,2.8009
121,9,0.5502,3.9566,0.4897,0.0000,0.0000,1,0.0130,1.6138,collision,0.5134,2.3822
122,15,0.5708,3.9736,0.4902,0.0000,0.0000,1,0.0137,1.5254,collision,0.3163,2.4040
123,20,0.0187,4.4088,0.4929,0.0000,0.0000,1,0.0121,1.4502,collision,0.2700,2.4338
124,25,3.1223,6.5628,0.4918,0.0000,0.0000,2,0.0118,1.3858,collision,0.3278,2.7993
125,32,3.0770,6.5269,0.4916,0.0000,0.0000,2,0.0125,1.2472,collision,0.2535,2.7998
126,19,0.8027,4.1492,0.4869,0.0000,0.0000,1,0.0124,1.4196,collision,0.2672,2.3937
127,11,0.3208,3.9509,0.4894,0.0000,0.0000,1,0.0124,1.7268,collision,0.4258,2.4052
128,19,-2.7248,1.7221,0.4938,0.0000,0.0000,0,0.0022,1.2764,collision,0.1409,1.9997
129,21,0.4470,3.9681,0.4918,0.0000,0.0000,1,0.0078,1.5000,collision,0.2272,2.4048
130,22,0.3903,3.9299,0.4923,0.0000,0.0000,1,0.0115,1.2381,collision,0.2223,2.3830
131,16,0.6339,3.9474,0.4883,0.0000,0.0000,1,0.0106,1.3151,collision,0.2975,2.3778
132,33,-0.0360,3.5446,0.4921,0.0000,0.0000,1,0.0094,1.3769,collision,0.1703,2.4112
133,20,0.3945,3.9465,0.4918,0.0000,0.0000,1,0.0143,1.3160,collision,0.2462,2.3926
134,5,-2.0710,0.0000,0.4957,0.0000,0.0000,0,0.0068,1.2054,out,0.4234,2.0112
135,20,0.3856,3.9354,0.4926,0.0000,0.0000,1,0.0122,1.3823,collision,0.2482,2.4063
136,17,0.3390,3.9579,1.0624,0.0000,0.0000,1,0.0118,1.0624,collision,0.2787,2.3959
137,30,0.2299,5.9354,0.4929,0.0000,0.0000,1,0.0104,1.2925,collision,0.1676,2.4064
138,15,0.2353,5.6387,0.4913,0.0000,0.0000,1,0.0133,1.4580,collision,0.3165,2.3834
139,17,0.3668,3.9439,0.4902,0.0000,0.0000,1,0.0119,1.2754,collision,0.2928,2.3959
140,30,0.4294,3.9626,0.4916,0.0000,0.0000,1,0.0125,1.2916,collision,0.1854,2.3979
141,18,-2.4063,2.0301,0.4927,0.0000,0.0000,0,0.0092,1.3651,collision,0.1512,2.0184
142,4,-1.9361,0.0000,0.4869,0.0000,0.0000,0,0.0125,1.3377,out,0.5299,2.0211
143,14,0.4413,3.9763,0.4909,0.0000,0.0000,1,0.0154,1.5172,collision,0.3475,2.3749
144,14,0.5939,3.9624,1.2242,0.0000,0.0000,1,0.0111,1.2242,collision,0.3308,2.3846
145,19,0.2624,3.9685,0.4912,0.0000,0.0000,1,0.0112,1.3750,collision,0.2576,2.4059
146,21,0.7820,3.9287,0.9328,0.0000,0.0000,1,0.0116,0.9328,collision,0.2298,2.3903
147,17,0.6808,3.9340,0.4900,0.0000,0.0000,1,0.0108,1.3864,collision,0.2777,2.3846
148,21,0.5739,3.9580,0.4880,0.0000,0.0000,1,0.0110,1.3958,collision,0.2478,2.4219
149,15,0.7986,3.9935,0.4890,0.0000,0.0000,1,0.0139,1.3916,collision,0.3276,2.4045
150,5,-2.0007,0.8852,0.4930,0.0000,0.0000,0,0.0133,1.6819,collision,0.4145,2.0219
151,15,0.2892,4.0511,0.4915,0.0000,0.0000,1,0.0133,1.4578,collision,0.3148,2.3937
152,27,0.5311,3.9434,0.4911,0.0000,0.0000,1,0.0105,1.2758,collision,0.1867,2.3929
153,16,0.2893,5.0185,0.4914,0.0000,0.0000,1,0.0117,1.3034,collision,0.3026,2.4227
154,33,3.9710,8.7504,0.4880,0.0000,0.0000,2,0.0145,1.3460,collision,0.2435,2.7939
155,17,0.6917,3.9554,0.4887,0.0000,0.0000,1,0.0093,1.2680,collision,0.2844,2.4003
156,41,2.5531,7.3749,0.4922,0.0000,0.0000,2,0.0102,1.3008,collision,0.2021,2.8090
157,17,0.4214,3.9718,0.4922,0.0000,0.0000,1,0.0103,1.3406,collision,0.2822,2.3878
158,13,0.4585,3.9341,0.4911,0.0000,0.0000,1,0.0121,1.3666,collision,0.3565,2.3968
159,75,17.0721,15.3217,0.4888,0.0000,0.0000,5,0.0139,1.2321,goal,0.2390,3.9876
160,16,0.3263,3.9403,0.4894,0.0000,0.0000,1,0.0125,1.3981,collision,0.3089,2.3907
161,18,0.6340,3.9417,0.4889,0.0000,0.0000,1,0.0097,1.2199,collision,0.2639,2.4031
162,12,0.5339,3.9773,0.4896,0.0000,0.0000,1,0.0127,1.6163,collision,0.3860,2.3912
163,14,0.5578,3.9255,0.4922,0.0000,0.0000,1,0.0132,1.3775,collision,0.3481,2.3962
164,45,0.4681,3.9308,0.4918,0.0000,0.0000,1,0.0075,1.1607,collision,0.1206,2.3983
165,27,0.3603,3.9257,0.4927,0.0000,0.0000,1,0.0072,1.2426,collision,0.1834,2.3913
166,17,0.5608,3.9197,0.4912,0.0000,0.0000,1,0.0094,1.2334,collision,0.2877,2.3960
167,18,0.4616,3.9036,0.4921,0.0000,0.0000,1,0.0124,1.2778,collision,0.2628,2.4181
168,15,-2.4083,2.7897,0.4943,0.0000,0.0000,0,0.0085,1.2529,collision,0.1677,2.0071
169,15,0.2865,4.1099,0.4928,0.0000,0.0000,1,0.0105,1.3323,collision,0.3139,2.4246
170,14,0.0454,3.6743,0.4965,0.0000,0.0000,1,0.0091,1.2562,collision,0.3429,2.4057
171,22,0.4560,3.9274,0.4900,0.0000,0.0000,1,0.0113,1.4044,collision,0.2265,2.3922
172,8,-2.0773,0.0000,0.4930,0.0000,0.0000,0,0.0076,1.1569,out,0.2851,2.0124
173,15,0.4387,4.0074,0.4913,0.0000,0.0000,1,0.0122,1.1960,collision,0.3141,2.3753
174,19,0.4127,3.9501,0.4923,0.0000,0.0000,1,0.0120,1.4394,collision,0.2605,2.3995
175,41,3.1000,6.6765,0.4922,0.0000,0.0000,2,0.0106,1.2470,collision,0.2002,2.7985
176,19,0.4834,3.9531,0.4903,0.0000,0.0000,1,0.0097,1.2195,collision,0.2519,2.4046
177,19,0.0685,3.7007,0.4925,0.0000,0.0000,1,0.0102,1.3666,collision,0.2652,2.4065
178,34,0.6240,3.9738,0.4898,0.0000,0.0000,1,0.0087,1.3195,collision,0.1577,2.4187
179,18,0.5566,3.9309,0.4897,0.0000,0.0000,1,0.0108,1.1604,collision,0.2789,2.3894
180,24,0.3569,3.9699,0.4909,0.0000,0.0000,1,0.0122,1.3752,collision,0.2110,2.3783
181,71,16.1756,15.4766,0.4910,0.0000,0.0000,5,0.0113,1.3210,goal,0.2564,3.9868
182,9,0.6415,3.9607,0.4867,0.0000,0.0000,1,0.0154,1.7030,collision,0.5186,2.3920
183,15,-2.4590,1.7729,0.4953,0.0000,0.0000,0,0.0068,1.2234,collision,0.1651,2.0175
184,25,0.5823,3.9289,0.4903,0.0000,0.0000,1,0.0107,1.2723,collision,0.2005,2.3970
185,4,-1.9666,0.9057,0.4907,0.0000,0.0000,0,0.0190,2.1078,collision,0.5140,2.0147
186,17,0.3151,3.9403,0.4912,0.0000,0.0000,1,0.0100,1.3781,collision,0.2871,2.4082
187,27,0.2795,5.0244,0.4919,0.0000,0.0000,1,0.0101,1.2098,collision,0.1830,2.4071
188,12,0.3476,3.9426,0.4912,0.0000,0.0000,1,0.0126,1.5717,collision,0.3843,2.3988
189,18,0.3196,3.9557,0.4927,0.0000,0.0000,1,0.0111,1.2882,collision,0.2657,2.3976
190,15,0.7760,3.9442,0.4904,0.0000,0.0000,1,0.0151,1.2008,collision,0.3229,2.3855
191,14,0.5738,3.9253,0.4885,0.0000,0.0000,1,0.0090,1.4118,collision,0.3339,2.3839
192,16,0.2811,4.0246,1.0132,0.0000,0.0000,1,0.0101,1.0132,collision,0.2928,2.3919
193,16,0.2128,5.3369,0.4933,0.0000,0.0000,1,0.0121,1.4858,collision,0.3058,2.3986
194,40,3.7541,8.7459,0.9835,0.0000,0.0000,2,0.0129,0.9835,collision,0.2005,2.8228
195,19,0.6181,3.9687,0.4892,0.0000,0.0000,1,0.0097,1.1866,collision,0.2560,2.3828
196,9,0.4005,3.9747,0.4896,0.0000,0.0000,1,0.0163,1.6541,collision,0.5021,2.4039
197,12,0.4609,3.9469,0.4891,0.0000,0.0000,1,0.0134,1.3381,collision,0.3822,2.3828
198,46,7.3389,10.1704,0.4901,0.0000,0.0000,3,0.0141,1.4184,collision,0.2579,3.1920
199,26,0.6897,3.9359,0.4912,0.0000,0.0000,1,0.0130,1.2245,collision,0.1990,2.3968
200,8,-1.9956,0.4303,0.4938,0.0000,0.0000,0,0.0113,1.1831,collision,0.2652,2.0191
201,19,0.7290,3.9364,0.4906,0.0000,0.0000,1,0.0113,1.3824,collision,0.2594,2.4054
202,18,-0.0493,3.8272,0.4969,0.0000,0.0000,1,0.0093,1.1720,collision,0.2764,2.3996
203,13,0.3524,3.9325,0.4906,0.0000,0.0000,1,0.0127,1.2647,collision,0.3546,2.3985
204,14,0.2946,4.0764,0.4923,0.0000,0.0000,1,0.0144,1.4352,collision,0.3407,2.4040
205,10,-2.5726,1.7449,0.4958,0.0000,0.0000,0,0.0060,1.4262,collision,0.2547,2.0068
206,13,-2.0772,0.7324,0.4934,0.0000,0.0000,0,0.0098,1.3246,collision,0.1845,2.0051
207,15,0.3955,3.9339,0.4921,0.0000,0.0000,1,0.0118,1.3012,collision,0.3180,2.4006
208,15,0.0611,3.2931,0.4954,0.0000,0.0000,1,0.0110,1.4325,collision,0.3190,2.4019
209,15,0.5724,3.9346,0.4897,0.0000,0.0000,1,0.0122,1.2467,collision,0.3172,2.3932
210,19,0.7471,3.9719,0.4891,0.0000,0.0000,1,0.0114,1.2735,collision,0.2664,2.4048
211,22,0.2200,4.8408,0.4937,0.0000,0.0000,1,0.0116,1.2288,collision,0.2192,2.4028
212,20,-2.4108,2.6463,0.4962,0.0000,0.0000,0,0.0085,1.2279,collision,0.1290,2.0043
213,11,-1.7309,0.0000,0.4904,0.0000,0.0000,0,0.0094,1.1155,out,0.2209,2.0124
214,17,0.0504,3.3760,0.4940,0.0000,0.0000,1,0.0087,1.2380,collision,0.2875,2.3948
215,14,0.3577,4.8221,0.4935,0.0000,0.0000,1,0.0152,1.3079,collision,0.3333,2.3843
216,24,0.3791,3.9442,0.4915,0.0000,0.0000,1,0.0081,1.3608,collision,0.2104,2.4023
217,14,0.0271,4.0587,0.4933,0.0000,0.0000,1,0.0119,1.2999,collision,0.3569,2.4064
218,26,0.2303,4.4425,0.4944,0.0000,0.0000,1,0.0105,1.2312,collision,0.2023,2.4032
219,22,0.3362,3.9418,0.4923,0.0000,0.0000,1,0.0080,1.2584,collision,0.2351,2.4019
220,16,0.3330,4.8569,0.4913,0.0000,0.0000,1,0.0143,1.2409,collision,0.3021,2.3886
221,17,0.5635,3.9700,0.4888,0.0000,0.0000,1,0.0110,1.1728,collision,0.2844,2.3910
222,13,0.3332,3.9634,0.4925,0.0000,0.0000,1,0.0101,1.4192,collision,0.3676,2.4126
223,23,-1.4494,2.3631,0.4910,0.0000,0.0000,0,0.0117,1.1382,collision,0.1182,2.0183
224,18,0.7072,3.9891,0.4904,0.0000,0.0000,1,0.0140,1.1358,collision,0.2634,2.4025
225,39,0.2113,4.0623,0.4929,0.0000,0.0000,1,0.0087,1.0995,collision,0.1374,2.4066
226,3,-1.9757,0.0000,0.4927,0.0000,0.0000,0,0.0085,1.3385,out,0.6842,2.0125
227,19,0.6006,3.9632,0.4874,0.0000,0.0000,1,0.0101,1.2806,collision,0.2514,2.3952
228,25,3.0192,6.5967,0.4905,0.0000,0.0000,2,0.0114,1.2319,collision,0.3125,2.8010
229,40,0.4909,3.9751,0.4903,0.0000,0.0000,1,0.0095,1.1394,collision,0.1350,2.3958
230,20,0.3547,3.9388,0.4908,0.0000,0.0000,1,0.0126,1.3609,collision,0.2446,2.3973
231,19,0.7855,5.0499,0.4890,0.0000,0.0000,1,0.0121,1.3795,collision,0.2615,2.3898
232,13,0.5973,3.9492,0.4908,0.0000,0.0000,1,0.0128,1.2328,collision,0.3665,2.4072
233,10,0.3456,3.9655,0.4911,0.0000,0.0000,1,0.0149,1.3636,collision,0.4558,2.4208
234,15,0.4302,3.9437,0.4920,0.0000,0.0000,1,0.0112,1.2712,collision,0.3151,2.4015
235,16,-1.4511,2.3172,0.4891,0.0000,0.0000,0,0.0135,1.3227,collision,0.1607,2.0144
236,26,0.0680,4.2646,0.4933,0.0000,0.0000,1,0.0104,1.0843,collision,0.1938,2.4210
237,11,0.5113,3.9592,0.4885,0.0000,0.0000,1,0.0101,1.7459,collision,0.4162,2.3795
238,24,0.5557,3.9209,0.4892,0.0000,0.0000,1,0.0104,1.1912,collision,0.2100,2.3792
239,12,0.3223,3.9638,0.4918,0.0000,0.0000,1,0.0122,1.6012,collision,0.3934,2.3944
240,15,0.6560,3.9305,0.4914,0.0633,2.8856,1,0.0117,1.0974,collision,0.3258,2.4038
241,24,-0.0240,4.1162,0.5079,0.2415,3.0533,1,0.0515,1.0922,collision,0.2351,2.3074
242,13,0.2912,3.9700,0.5200,0.5761,3.4133,1,0.1558,1.2980,collision,0.4608,2.2438
243,12,0.3371,3.9551,0.5272,0.7971,3.2305,1,0.2193,1.4380,collision,0.5214,2.1823
244,20,0.4634,3.9483,1.0597,1.1733,3.1031,1,0.2050,1.0597,collision,0.3728,2.0396
245,16,0.5014,3.9753,0.5612,1.7378,3.0018,1,0.3457,1.1944,collision,0.5306,1.9058
246,22,0.5631,3.9288,0.5331,2.3089,2.5966,1,0.1719,1.2033,collision,0.4113,1.9204
247,20,0.2600,3.9333,0.6094,2.2913,2.4421,1,0.3524,1.0682,collision,0.5037,1.9762
248,38,15.4453,15.1066,0.6629,1.9770,2.3725,5,0.4996,1.2907,goal,0.7400,3.3440
249,8,0.3047,4.0300,0.6781,2.1398,1.7825,1,0.3604,1.6491,collision,0.7148,2.1401
250,20,2.6502,7.2766,0.7472,2.3748,2.2637,2,0.6287,1.4502,collision,0.8151,2.6547
251,12,0.4714,3.9443,0.6366,1.4530,2.1865,1,0.0882,1.1797,collision,0.4622,1.5140
252,11,0.4646,3.9341,0.7148,1.6574,1.8991,1,0.2930,1.3716,collision,0.5627,1.6093
253,18,0.0265,4.5036,0.7633,1.9866,2.0444,1,0.4259,1.2471,collision,0.6054,2.7363
254,15,0.5471,3.9416,1.1276,2.0629,1.6500,1,0.1534,1.1276,collision,0.5854,1.6187
255,15,0.4595,3.9564,0.7125,1.8691,1.5516,1,0.1425,1.4459,collision,0.6972,1.9870
256,39,30.4749,15.1676,0.8926,1.7807,1.4896,5,0.5692,1.4223,goal,1.0779,4.8509
257,10,0.3007,3.9495,0.9144,1.6870,1.5004,1,0.5394,1.3134,collision,0.6667,1.6394
258,23,2.3981,7.2458,0.8389,1.7554,1.6378,2,-0.0500,1.4226,collision,0.6805,3.3929
259,12,0.2826,4.7169,0.9289,1.7200,1.5535,1,0.5606,1.4412,collision,0.8196,3.1101
260,12,0.2760,4.6899,1.0947,1.9060,1.3504,1,0.8394,1.6146,collision,0.9486,3.8829
261,30,15.4902,15.2878,1.1429,2.0618,1.3538,5,1.0940,1.4679,goal,1.0330,2.6234
262,10,0.3163,3.9328,1.0730,2.0625,1.5733,1,0.6223,1.5977,collision,0.5692,1.3348
263,9,0.3664,3.9600,1.0928,1.9380,1.3230,1,0.2088,1.6692,collision,0.5575,1.1684
264,16,0.4478,3.9376,1.0006,2.3183,1.3619,1,0.1234,1.0006,collision,0.4632,1.8444
265,13,0.3579,3.9344,1.1971,2.2025,1.1650,1,0.0995,1.1971,collision,0.4430,1.3647
266,9,0.5550,3.9324,1.2375,1.9897,1.0101,1,0.4046,1.8084,collision,0.2944,0.9864
267,10,0.0267,3.4217,1.1985,2.1833,1.2315,1,0.2733,1.4696,collision,0.6444,2.0791
268,16,2.6998,7.3886,1.3125,2.2516,1.3165,2,0.5391,1.7199,collision,0.6928,3.0872
269,9,0.3683,3.9632,1.1665,2.1495,1.4129,1,0.1174,1.5883,collision,0.4851,1.9071
270,16,5.9800,9.5158,1.5330,2.3727,1.2024,3,0.5711,1.9239,landed,0.8789,3.1724
271,16,2.6676,7.8784,1.6016,1.8145,1.2713,2,0.7878,1.7972,collision,0.8047,2.5851
272,28,9.4792,14.5721,1.5991,2.2531,1.1832,4,0.3326,1.6649,landed,0.7650,3.7330
273,16,6.0550,10.4037,1.9345,2.1052,1.1422,3,0.9970,2.1831,landed,0.9826,3.6207
274,8,0.3729,3.9914,1.8094,2.2547,1.3871,1,0.6087,1.8296,collision,0.3684,1.0586
275,8,0.6103,3.9636,1.7151,2.0262,1.0782,1,0.5937,1.8604,collision,0.3386,0.9924
276,7,0.4466,3.9895,1.8521,2.3241,1.4218,1,0.5157,2.0891,collision,0.3625,0.8837
277,7,0.3604,3.9929,1.8702,2.4062,1.1918,1,0.2810,2.1182,collision,0.4539,1.3126
278,4,-2.1303,0.9150,1.9411,2.1125,1.4310,0,0.0161,2.0731,collision,0.7877,2.3856
279,7,0.3403,3.9926,1.9282,1.6847,0.9080,1,0.6539,1.9880,collision,0.3883,0.8274
280,12,3.0190,7.2579,2.1679,2.0379,1.1232,2,1.0059,2.1583,landed,0.8479,3.8204
281,7,0.2889,4.0444,1.9398,1.8082,0.9665,1,0.3571,1.9066,collision,0.2966,0.7736
282,3,-2.0839,0.7691,1.9805,1.5772,0.9831,0,-0.1556,2.2979,collision,0.8828,1.9606
283,7,0.2967,4.0599,2.1021,1.7169,1.0589,1,0.5494,2.1407,collision,0.9912,3.8076
284,14,6.1200,9.9493,2.2064,1.4737,1.2795,3,0.5588,2.1848,landed,0.9926,3.0818
285,13,2.7902,7.7380,2.2197,1.5601,1.8810,2,0.9295,2.1097,landed,0.8012,3.4577
286,8,0.3080,3.9892,2.0015,1.9783,1.3142,1,0.5252,1.8559,collision,0.3866,1.0871
287,13,2.7503,7.4431,2.1839,1.8506,1.3921,2,0.5104,2.1792,collision,0.7952,3.1333
288,7,0.3321,4.0299,2.0761,1.9054,1.4381,1,0.4354,2.1978,collision,0.3162,0.9304
289,14,5.9970,9.9371,2.3968,1.7410,1.2995,3,1.3701,2.3306,landed,1.2250,4.0724
290,8,0.4621,4.0095,2.2078,2.3224,1.7113,1,0.9305,2.1696,collision,0.5416,0.8216
291,7,0.2835,4.0011,2.3398,1.6353,1.8171,1,0.6688,2.1319,collision,0.8886,2.1220
292,12,2.7483,8.2529,2.4541,1.9005,1.3256,2,0.6568,2.3107,collision,0.8247,2.7782
293,12,2.7102,8.3406,2.5198,1.4524,1.2026,2,0.9875,2.4474,landed,0.8886,3.4494
294,8,0.4759,3.9819,2.3273,1.1784,1.6888,1,0.8208,2.0588,collision,1.0126,3.3175
295,4,-2.0556,1.1049,2.4402,0.9121,1.4472,0,0.4245,1.9979,collision,0.8463,2.8548
296,11,0.0478,6.0789,2.5719,1.2101,1.7382,1,1.0829,2.1667,landed,0.8680,3.0649
297,7,0.3817,3.9927,2.3019,1.3736,1.3740,1,0.6286,2.1888,collision,0.4315,0.7468
298,14,6.0728,9.8527,2.5137,1.2847,1.3649,3,0.6515,2.1780,landed,0.9449,3.1916
299,6,-2.4291,2.9248,2.4491,2.3370,1.1784,0,0.1045,2.3011,collision,0.5431,1.8324
300,10,2.7679,7.5723,2.4982,1.7174,1.4449,2,1.0647,2.3781,collision,0.9139,3.1986
301,12,2.7413,8.5320,2.5745,1.2498,1.5351,2,1.1440,2.4055,landed,0.8806,3.0581
302,11,2.8913,6.5819,2.5621,1.1172,1.3939,2,1.1072,2.2102,landed,0.9672,3.2832
303,3,-2.0772,0.8177,2.4047,1.4153,1.3562,0,-0.1542,2.0563,collision,0.7397,1.7490
304,7,-2.4737,2.8902,2.4274,1.2514,1.3569,0,0.2335,2.1810,collision,0.4344,1.6413
305,4,-2.0598,1.0572,2.4362,1.6352,0.9372,0,0.0681,2.3379,collision,0.8337,2.4193
306,6,-2.4429,2.6879,2.4382,2.3399,0.8836,0,-0.0148,2.3760,collision,0.5204,1.8891
307,4,-1.9999,0.8598,2.3820,0.8129,1.0194,0,-0.1678,2.0756,collision,0.9365,2.1753
308,12,2.8427,7.5416,2.4811,1.6055,1.6367,2,0.1593,2.2528,landed,1.0878,3.8745
309,11,2.8401,8.5500,2.5173,1.0029,1.3640,2,1.0199,2.4457,landed,0.7727,2.7551
310,4,-2.0352,0.8866,2.4308,1.8316,1.1127,0,0.4231,2.3561,collision,0.8849,2.9502
311,40,5.7754,9.8264,1.0409,0.9364,1.3676,3,0.8788,1.0409,collision,0.5828,3.2074
312,7,0.0673,3.9099,2.4773,0.5031,1.2536,1,0.8187,2.3403,collision,0.7572,2.2416
313,3,-1.9254,1.0846,2.4255,0.6112,1.6508,0,0.3588,2.6652,collision,0.9861,2.6737
314,4,-2.0933,1.0726,2.4565,0.5488,1.3561,0,0.2158,1.9672,collision,0.7619,2.4979
315,8,0.1012,3.9163,2.5020,0.9649,1.1822,1,0.6006,2.1914,collision,0.6024,2.1451
316,13,2.7962,8.1757,2.5158,0.9387,1.6045,2,0.7891,2.1836,landed,0.7423,2.6495
317,8,0.0946,4.3929,2.5015,0.5545,1.2159,1,0.7840,2.1775,collision,0.6755,2.5679
318,7,0.0338,4.1317,2.4970,0.5845,1.1367,1,0.7014,2.4854,collision,0.8775,3.0024
319,22,0.6300,3.9319,1.0611,0.6659,1.3191,1,0.1178,1.0611,collision,0.3237,1.7313
320,11,2.8319,7.0597,2.5211,0.6173,1.3014,2,0.8121,2.1809,landed,0.6873,2.4016
321,4,-2.0948,1.1024,2.4710,0.8059,0.9956,0,0.2513,2.2457,collision,0.7865,2.6999
322,11,2.7556,7.9526,2.5241,1.0285,0.9863,2,0.8227,2.4001,landed,1.0095,2.4101
323,3,-2.0571,0.8558,2.4562,0.0000,0.0000,0,0.0496,2.3734,collision,0.9365,2.3030
324,3,-2.0352,0.8766,2.4581,2.2520,1.8479,0,0.0709,2.2709,collision,0.9666,2.3431
325,4,-1.9668,0.9555,2.4864,1.5802,1.2975,0,0.1601,2.1202,collision,0.8365,2.5199
326,11,2.8054,7.6821,2.5268,0.6743,1.3226,2,0.8193,2.3797,landed,0.7184,2.4196
327,18,0.4686,3.9636,0.9777,0.7595,1.2415,1,0.3639,0.9777,collision,0.2592,1.1465
328,12,2.7699,8.4625,2.5406,0.8213,1.1368,2,0.7477,2.3242,landed,0.6957,2.6818
329,11,2.7452,7.9567,2.5427,0.9376,1.1127,2,1.0961,2.4240,collision,0.8064,2.3939
330,13,2.8844,8.7787,2.5390,0.5366,1.4787,2,0.9655,2.3173,landed,0.7675,3.1672
331,26,-0.0701,3.9686,1.0042,0.5891,1.3895,1,0.2294,1.0042,collision,0.3310,2.5776
332,13,5.9819,9.4489,2.5418,0.4477,1.3241,3,0.7262,2.4125,landed,1.1152,3.5309
333,8,0.2642,4.1721,2.4783,0.5129,1.4104,1,0.1625,2.2164,collision,0.5968,1.3454
334,4,-2.1251,0.8504,2.5207,2.2278,1.0494,0,-0.1559,2.1112,collision,0.8658,2.1725
335,7,0.5431,3.9864,2.3419,0.9959,1.2314,1,0.5264,2.1527,collision,0.3287,0.7303
336,4,-2.1881,0.9889,2.5352,0.2547,1.7243,0,0.1254,2.5047,collision,0.9346,2.7736
337,4,-2.1776,1.0894,2.5343,0.8349,1.0410,0,0.1216,2.3052,collision,0.8137,2.4959
338,11,2.8497,7.9826,2.5580,0.5274,1.0619,2,1.6071,2.4616,landed,0.9523,3.6173
339,13,2.7195,8.7410,2.3786,0.5997,1.2246,2,0.5138,2.2104,landed,0.9756,3.5503
340,6,-2.4161,3.3310,2.5298,1.5194,1.2917,0,0.3925,2.6198,collision,0.7041,2.5632
341,13,2.8755,9.3634,2.5464,0.6402,1.1604,2,1.2659,2.1857,landed,0.9116,2.7875
342,4,-1.8931,1.0725,2.5209,0.9359,0.8001,0,0.2153,1.9538,collision,1.0636,2.7989
343,7,0.3757,3.9805,2.3456,1.5957,1.5170,1,0.3264,2.0752,collision,0.3695,0.6763
344,12,2.7644,8.1766,2.5412,0.9600,1.4212,2,0.9086,2.2665,landed,0.7511,2.0207
345,12,2.7676,7.6252,2.4040,0.6025,1.4457,2,0.1626,2.1336,collision,0.9845,3.1115
346,12,2.9094,7.6385,2.5544,0.8621,1.4570,2,0.8284,2.1927,landed,0.7646,1.7943
347,11,2.7359,6.7728,2.5481,1.7278,1.2920,2,0.7929,2.3444,landed,0.8584,2.4447
348,3,-2.0617,1.0046,2.5159,1.2526,1.0084,0,-0.0528,2.4782,collision,0.8510,2.0118
349,7,0.0490,3.8275,2.5459,1.0593,1.2775,1,0.3780,2.4614,collision,0.7956,2.0538
350,3,-2.0640,0.9029,2.5206,0.0000,0.0000,0,-0.0330,2.2481,collision,0.8537,2.0776
351,3,-1.9943,1.0449,2.5217,2.1777,1.2362,0,0.2126,2.3592,collision,0.9301,2.4116
352,4,-2.0182,1.1634,2.5375,1.3727,1.4729,0,0.3131,2.3763,collision,0.7372,2.5121
353,17,0.5368,3.9442,1.0586,1.1856,1.3670,1,0.5820,1.0586,collision,0.2517,1.1130
354,7,0.0648,3.9646,2.5306,1.0132,0.8334,1,0.1720,2.3307,collision,0.8216,2.6928
355,12,2.7464,8.2780,2.5357,1.6133,1.2847,2,0.8216,2.2948,landed,0.6017,2.0793
356,3,-2.0005,1.0110,2.4995,0.7839,1.5125,0,0.1509,2.1974,collision,0.9043,2.2656
357,13,2.7299,8.7378,2.5245,0.9087,1.1832,2,1.0123,2.2496,landed,0.6313,2.0786
358,4,-2.0268,1.0630,2.4976,0.8012,1.1878,0,0.2148,1.8806,collision,0.7209,2.2594
359,11,2.9447,6.9805,2.4995,0.5432,1.2094,2,0.8437,2.2740,landed,0.8590,3.9412
360,12,2.7954,8.0534,2.5109,0.8582,1.3304,2,0.5375,2.1798,landed,0.8106,2.9020
361,11,2.9228,7.1647,2.5083,0.8816,1.0966,2,0.8291,2.3471,landed,0.8202,1.7785
362,12,2.9308,9.3501,2.4565,0.6695,1.2902,2,0.8020,2.2979,landed,0.9029,2.1425
363,8,0.2420,4.1563,2.3145,0.5440,1.8006,1,0.6035,2.2302,collision,0.4341,0.8431
364,10,2.8724,7.1108,2.5097,0.7470,1.1870,2,1.5021,2.3546,landed,0.9018,3.4495
365,7,0.3405,3.9537,2.3018,0.6799,1.6663,1,0.7921,2.2809,collision,0.4811,1.6924
366,11,2.8274,6.6828,2.5017,0.7684,1.5343,2,0.8536,2.2279,landed,0.7131,2.6502
367,3,-2.0288,0.9144,2.3807,0.0000,0.0000,0,-0.0551,2.1305,collision,0.7878,1.8484
368,3,-2.0448,0.8495,2.3796,1.5684,1.7142,0,-0.0788,2.2235,collision,0.7814,1.8401
369,11,2.8855,6.5430,2.4777,1.0659,1.4676,2,0.7442,2.3374,landed,0.9838,4.2424
370,7,0.3080,4.0764,2.3939,1.5601,1.2579,1,0.5515,2.1016,collision,0.6125,1.4582
371,12,2.7926,8.5248,2.4594,1.5733,1.4459,2,0.9843,2.3634,landed,0.6931,1.8114
372,14,5.9484,10.0340,2.4196,1.6739,1.6332,3,1.0503,2.2014,landed,0.8468,2.9173
373,10,3.0484,6.4992,2.3561,1.9517,1.3402,2,1.2956,2.2088,collision,1.1033,4.7186
374,7,0.3812,4.0170,2.0390,1.8742,1.4492,1,0.7123,2.0710,collision,0.5754,1.3183
375,7,0.4880,4.0463,2.0832,1.6123,1.0832,1,0.6809,2.3048,collision,0.3083,0.8587
376,7,0.3238,3.9628,2.1013,2.0037,1.2237,1,0.5314,2.4002,collision,0.5795,1.3208
377,8,0.4971,3.9442,2.0258,1.6528,1.4517,1,0.3921,1.8828,collision,0.4588,0.8488
378,19,9.5812,14.9647,2.2567,2.1197,1.0791,4,1.5098,2.1425,landed,1.2002,2.7585
379,7,0.2860,3.9995,2.0273,1.3070,1.5387,1,0.8887,2.2145,collision,0.9179,3.9878
380,15,6.0083,11.7289,2.1529,1.7361,1.2206,3,2.2804,2.0163,collision,1.2806,4.3302
381,7,0.4232,3.9419,1.8417,0.9294,1.7874,1,0.8974,1.9105,collision,0.4525,1.7175
382,15,5.9679,10.0555,2.1388,0.9928,1.3794,3,1.9011,1.9298,collision,1.1651,4.5080
383,7,0.2498,4.0468,1.9539,0.3899,1.2125,1,0.7325,1.9614,collision,0.4234,0.9255
384,20,15.7159,15.2207,2.0917,0.7082,1.5887,5,0.5295,1.9826,goal,1.4153,4.4929
385,18,6.1912,12.0219,1.9735,0.5913,1.3472,3,1.4588,1.8400,collision,1.0030,2.5965
386,9,0.2568,4.8314,1.9035,1.2179,1.6083,1,0.8791,1.8173,collision,0.6761,1.7312
387,7,0.2739,4.1233,1.8585,0.7233,1.1852,1,1.2551,1.8951,collision,0.6347,1.2714
388,9,0.2722,5.6474,2.0013,0.8855,1.5984,1,1.2267,1.8766,collision,0.8206,4.0114
389,7,0.5207,4.0070,2.0312,0.7868,0.8693,1,1.0938,2.1715,collision,0.9256,3.3307
390,6,0.5357,4.0322,1.9454,0.7766,1.7781,1,0.6935,2.1496,collision,0.3833,1.4425
391,16,6.1030,11.7621,2.0570,0.7764,1.4215,3,1.6229,1.9806,collision,1.3128,4.2137
392,7,0.3959,3.9463,1.8525,1.3477,1.0630,1,0.6151,1.9392,collision,0.5621,1.7610
393,7,0.3857,4.0304,1.7742,1.0050,1.1678,1,0.6934,2.0070,collision,0.2995,0.6670
394,7,0.3575,4.0395,1.7893,0.5658,1.6088,1,0.6270,2.0459,collision,0.4022,0.8803
395,7,0.4046,4.0074,1.7898,0.6818,1.7708,1,0.9594,1.6856,collision,0.3049,1.0754
396,17,6.0662,11.6859,1.9091,0.5552,1.4168,3,2.0125,1.8035,collision,0.9373,4.8352
397,8,0.5258,3.9593,1.6109,1.1052,1.4973,1,0.3845,1.7206,collision,0.3267,0.7201
398,7,0.3204,4.0014,1.7860,0.5903,1.7430,1,0.6654,1.9509,collision,0.2867,0.8407
399,19,9.8541,14.8113,2.0029,0.8233,1.6860,4,1.8668,2.0813,landed,1.2541,3.8225
400,8,0.2903,4.0487,1.6877,1.6224,2.0783,1,0.5976,1.7898,collision,0.5795,2.1101
401,7,0.3949,3.9569,1.9612,1.8813,1.1444,1,0.9395,1.6915,collision,0.5296,2.2874
402,15,5.9210,11.8303,2.0351,2.0624,1.5688,3,2.1687,2.2403,collision,1.1388,5.2528
403,20,15.6032,15.7960,2.0263,2.0418,1.7499,5,2.5067,1.9416,goal,0.9407,2.6215
404,12,2.6655,9.1689,2.0274,1.5984,1.8692,2,1.6579,2.1050,collision,1.2594,5.0532
405,19,15.5606,15.4119,1.9713,1.9605,1.6804,5,2.2906,2.0923,goal,1.1122,2.5326
406,7,0.3510,4.0023,1.6853,0.5331,1.8785,1,0.6532,1.8326,collision,0.3785,0.7985
407,7,0.4586,3.9506,1.9536,1.0226,1.9070,1,1.1061,1.9254,collision,0.8928,3.4374
408,21,15.5789,15.5846,2.0589,1.7227,1.6809,5,2.7037,1.9024,goal,1.0679,2.7225
409,7,0.3679,4.0065,1.8055,2.6808,2.1173,1,0.7432,1.8061,collision,0.5205,1.2361
410,7,0.3279,3.9533,1.8195,0.9805,1.4915,1,0.4887,1.8965,collision,0.3938,1.0916
411,13,2.7215,8.5089,2.0825,1.4851,1.5312,2,1.9745,1.9847,collision,1.0797,5.3308
412,7,0.3442,3.9989,1.8116,0.7602,1.4063,1,0.4598,1.8389,collision,0.3961,0.8082
413,11,2.7093,7.8960,2.0775,0.4075,1.2351,2,1.4460,1.9889,collision,1.1114,3.6648
414,14,5.9383,10.0972,2.0832,1.4499,1.4162,3,2.3944,2.0484,collision,1.1390,5.6789
415,19,15.5678,15.0725,2.0865,0.5603,1.6353,5,2.7439,2.1065,goal,1.0791,2.7265
416,13,2.6755,9.4573,2.0972,0.7541,1.2610,2,1.4592,2.0268,collision,1.1899,5.4145
417,6,-2.4301,2.9817,2.0787,5.6372,1.0636,0,0.6491,2.0955,collision,0.7125,2.4774
418,7,0.0806,3.5243,2.0767,0.9480,1.8889,1,0.8654,2.1802,collision,0.3901,1.2171
419,19,15.3430,15.2524,2.0249,1.6233,1.6178,5,2.5558,2.0599,goal,1.0068,2.5176
420,19,15.3177,15.1654,2.0696,1.7875,1.5869,5,2.4958,2.0653,goal,0.9843,2.8974
421,7,0.3667,4.0206,1.8480,1.2495,1.3994,1,0.9386,1.7231,collision,0.5522,1.6189
422,19,15.5085,15.5169,2.0379,1.6678,1.8494,5,2.4933,2.0970,goal,0.9629,2.9595
423,7,0.5062,3.9583,1.7676,0.9530,1.4427,1,0.8508,1.8410,collision,0.3285,1.2055
424,15,5.9402,10.1107,2.0212,1.5314,1.7545,3,2.1177,1.9617,collision,1.0006,5.2770
425,22,0.3747,3.9751,1.1073,1.8245,2.1922,1,0.1022,1.1073,collision,0.2727,0.9475
426,19,15.5420,15.7567,2.0221,1.3919,1.5432,5,2.4075,2.0368,goal,0.9231,3.0154
427,7,0.3481,3.9540,1.8086,1.3132,2.0425,1,0.8461,1.8620,collision,0.3759,1.1012
428,17,0.2435,4.9847,1.1271,1.0908,1.5788,1,1.3047,1.1271,collision,0.5652,2.0773
429,18,0.4378,3.9450,1.0892,0.9736,1.3980,1,0.9091,1.0892,collision,0.4197,2.1278
430,8,0.3126,3.9693,1.6318,0.9782,1.7174,1,0.8178,1.6253,collision,0.4737,1.8484
431,7,0.5502,4.0473,1.7682,2.8098,1.5345,1,0.8570,2.0270,collision,0.3622,1.6149
432,7,0.4571,3.9456,1.7853,1.0941,1.5967,1,0.6175,1.8961,collision,0.1671,0.4670
433,7,0.3172,4.0698,1.7936,0.7425,1.2976,1,0.3766,1.9238,collision,0.2810,0.6962
434,7,0.4567,3.9404,1.5747,0.7150,1.5304,1,0.1688,1.8226,collision,0.4588,1.1600
435,15,0.4069,3.9511,1.0439,1.0775,1.5204,1,0.6361,1.0439,collision,0.4635,2.5296
436,7,0.2317,4.1835,2.0194,0.9915,1.7057,1,1.4196,1.8009,collision,0.5845,2.0563
437,7,0.3718,3.9574,1.5697,2.2930,1.6553,1,0.4546,1.7892,collision,0.3450,1.0455
438,7,0.3493,3.9737,1.8168,1.1434,1.1510,1,0.7955,1.9458,collision,0.5966,1.4590
439,20,9.6949,14.6532,2.0678,0.7739,1.8709,4,2.0147,2.0327,landed,1.3285,4.8184
440,8,0.3060,4.5524,1.6563,0.8258,1.2162,1,0.9640,1.6734,collision,0.5495,1.9162
441,7,0.3196,3.9971,1.8032,0.5889,1.2651,1,0.8743,1.8656,collision,0.3779,1.4415
442,9,0.6104,3.9741,1.8286,0.5530,1.6811,1,0.5073,1.7329,collision,0.7698,2.4576
443,8,0.4653,3.9483,1.6088,1.5564,1.3976,1,0.4905,1.6629,collision,0.4336,1.0110
444,7,0.4371,3.9872,1.7315,0.5705,2.2509,1,0.7704,1.9565,collision,0.4006,1.4825
445,7,0.3297,3.9901,1.8047,0.7836,2.1648,1,0.8997,1.7206,collision,0.3327,1.5518
446,18,0.5614,3.9578,1.0966,2.5560,1.1930,1,0.4691,1.0966,collision,0.2771,0.9752
447,7,0.5223,3.9959,1.6634,1.7550,2.2144,1,0.8662,1.6664,collision,0.1644,0.4099
448,19,15.8966,15.1361,2.1120,1.5561,1.6913,5,2.3907,2.1136,goal,1.0810,2.5509
449,10,0.3118,4.1958,1.5605,1.1978,2.0462,1,0.7139,1.7409,collision,0.5399,1.6982
450,7,0.3417,4.1558,1.8353,1.4420,1.4002,1,0.9753,1.6287,collision,0.3368,0.8927
451,19,15.7367,15.2406,2.0339,1.9688,1.7783,5,2.4547,2.0506,goal,1.2334,4.8282
452,16,9.7442,12.8254,2.0764,1.7706,2.1243,4,3.1962,2.0698,collision,1.4797,6.3007
453,8,0.3354,3.9708,1.7824,1.0503,1.7032,1,0.9800,1.5728,collision,0.4080,0.9818
454,17,24.8648,13.4742,2.0024,1.2553,1.7183,4,2.5665,2.1087,collision,1.4957,8.3509
455,7,0.4170,3.9865,1.7513,1.2913,2.2586,1,0.5581,1.9660,collision,0.3689,0.7926
456,8,0.2428,4.0653,1.8379,1.0900,1.6912,1,1.1491,1.5210,collision,0.5975,1.7915
457,7,0.4607,3.9743,1.7179,1.0038,1.2037,1,0.8440,1.6458,collision,0.2828,0.9561
458,7,0.4258,3.9717,1.7454,1.7271,1.0854,1,0.9326,1.7662,collision,0.5635,1.2301
459,19,9.6829,14.6403,1.9820,1.3791,1.5680,4,3.1677,2.1134,collision,1.2135,4.9061
460,7,0.4584,3.9843,1.5120,1.8756,1.5116,1,0.6314,1.7817,collision,0.3467,0.9009
461,23,15.6218,15.8193,2.0256,1.2380,1.8164,5,2.8973,1.8001,goal,0.8390,2.7497
462,21,15.4312,15.3799,2.0295,0.8592,2.0917,5,3.0391,1.9634,goal,0.9145,2.8061
463,7,0.3402,4.0412,1.7403,0.6072,2.0353,1,1.2883,1.9326,collision,0.5576,1.6558
464,7,0.4571,3.9934,1.6771,1.1071,2.5834,1,0.9300,1.8864,collision,0.2755,0.9156
465,7,0.4154,3.9562,1.7696,0.4986,2.3998,1,0.7535,1.9046,collision,0.2828,0.7455
466,20,15.4833,15.2530,2.0459,1.3103,1.4916,5,3.1845,1.9311,goal,0.9608,3.2104
467,13,5.8714,10.0963,2.0440,1.1425,1.8950,3,2.6190,2.2346,collision,1.4429,6.0420
468,18,0.7928,4.7628,1.1470,1.5335,1.6378,1,1.3257,1.1470,collision,0.3873,1.7522
469,7,0.3172,3.9871,1.6184,0.7009,2.3800,1,0.9020,1.8709,collision,0.4035,0.9629
470,8,0.3724,3.9484,1.5987,0.6133,1.5330,1,0.7071,1.5403,collision,0.2733,0.6747
471,7,0.3419,3.9608,1.5378,1.4505,1.2149,1,0.5315,1.6925,collision,0.1807,0.4834
472,20,0.4157,3.9316,0.9345,1.3300,2.0376,1,0.2062,0.9345,collision,0.2906,1.3820
473,7,0.4837,3.9769,1.5853,2.3614,1.7473,1,0.6942,1.8415,collision,0.5302,2.5822
474,7,0.3434,3.9605,1.7710,0.8026,1.0284,1,1.3923,1.8804,collision,1.0752,3.5711
475,7,0.3356,3.9452,1.7410,1.6834,1.9032,1,1.0153,1.7446,collision,0.4206,1.1546
476,7,0.5669,4.0285,1.7882,0.8335,1.9995,1,0.9549,1.8644,collision,0.3555,1.2187
477,7,0.2389,4.7764,2.0025,0.9911,1.6190,1,2.0030,2.1687,collision,1.1453,3.3598
478,10,0.4502,3.9281,1.4686,0.9913,1.8828,1,0.0705,1.7434,collision,0.7174,2.8996
479,19,20.7215,15.1245,2.0141,1.3634,1.9580,5,3.6566,1.9803,goal,1.2066,3.3891
480,7,0.3377,3.9639,1.5242,1.9871,2.0502,1,1.0014,1.7556,collision,0.6402,1.5981
481,6,0.3424,3.9395,1.7731,1.6645,2.5519,1,1.1612,2.0657,collision,0.4960,1.0553
482,19,15.5205,15.1707,2.0266,1.7024,1.4785,5,3.4740,2.0222,goal,0.9969,2.7078
483,9,0.2540,4.0697,1.5156,1.1947,2.2892,1,1.1455,1.5590,collision,0.8806,2.4937
484,7,0.4753,4.0073,1.7899,2.3117,3.0936,1,1.2657,1.9484,collision,0.5702,0.8275
485,6,0.3942,4.0354,1.7467,0.9275,2.1820,1,1.3542,1.9663,collision,0.7711,2.3247
486,8,0.3032,3.9822,1.7153,0.5044,1.8332,1,1.1910,1.7482,collision,0.9143,3.0192
487,7,0.3654,3.9804,1.7641,1.4536,2.6382,1,0.9654,1.7612,collision,0.6065,1.2249
488,7,0.3566,3.9376,1.8076,1.6013,1.6031,1,0.9395,1.7165,collision,0.4353,0.8198
489,61,39.4856,14.4873,0.9968,1.0649,1.6974,4,1.6599,0.9968,collision,1.3347,6.3230
490,7,0.3202,3.9828,1.7542,0.8322,1.2611,1,1.3005,1.7525,collision,0.5260,1.2183
491,7,0.4676,4.0395,1.7162,1.2838,2.3202,1,1.0334,1.8292,collision,0.4709,1.0145
492,7,0.3969,3.9674,1.7217,0.9967,2.1868,1,0.8584,2.0177,collision,0.2188,0.5200
493,7,0.3639,3.9986,1.7948,0.9178,2.2581,1,0.8357,1.9013,collision,0.3366,1.1862
494,17,5.9797,11.8115,2.0321,1.4616,2.0267,3,3.1367,2.0102,collision,1.0464,4.2178
495,7,0.5408,3.9713,1.6179,1.2987,2.5457,1,0.7728,1.7649,collision,0.6227,2.1479
496,20,20.6295,15.2660,1.9535,1.9429,1.8661,5,3.4139,1.9320,goal,1.1830,3.9179
497,6,0.3920,3.9397,1.7380,1.6148,2.8451,1,1.2794,1.8840,collision,0.4444,0.9104
498,7,0.4629,3.9526,1.5928,1.7841,1.9776,1,0.8976,1.9259,collision,0.4677,1.7604
499,18,15.5021,15.1640,2.0352,0.7518,1.9669,5,3.9675,2.0911,goal,0.9347,2.4321
500,7,0.3043,4.0203,1.7333,1.0222,1.8358,1,1.4131,1.8603,collision,0.5220,0.9005
501,7,0.4109,3.9792,1.7670,1.3702,2.1190,1,0.8771,1.8160,collision,0.1970,0.3802
502,7,0.2945,4.0937,1.7970,1.2420,1.8102,1,1.3895,1.8865,collision,0.4814,0.9199
503,7,0.4218,3.9379,1.7082,1.6847,2.6386,1,0.8178,1.6265,collision,0.1919,0.3358
504,7,0.3384,3.9455,1.7859,1.3516,2.0565,1,1.3380,1.8255,collision,0.5298,1.5876
505,7,0.4295,3.9853,1.7166,1.3024,2.6983,1,1.0709,1.8038,collision,0.2916,0.6365
506,7,0.3561,3.9600,1.5949,1.4829,1.4894,1,1.0071,1.7065,collision,0.4280,1.1852
507,7,0.3764,3.9680,1.8015,1.7700,1.4787,1,1.1007,1.6917,collision,0.3890,0.9647
508,7,0.3768,4.0312,1.7535,1.3732,1.9154,1,1.2858,1.8632,collision,0.3614,0.9815
509,7,0.5153,3.9452,1.5778,1.5643,2.5823,1,0.9918,1.7758,collision,0.5610,2.0706
510,7,0.5150,3.9585,1.7348,1.6907,2.2812,1,0.9599,1.8356,collision,0.1627,0.4311
511,7,0.3199,4.0376,1.7885,9.0762,2.0912,1,1.2857,1.8476,collision,0.5751,1.2332
512,22,15.6692,15.3267,1.8886,1.6926,2.0165,5,3.1710,1.7370,goal,1.0620,3.4293
513,7,0.4692,4.0006,1.5905,0.9223,1.9095,1,0.7194,1.8128,collision,0.3729,1.0108
514,20,15.4907,15.8587,1.9806,1.5815,1.5487,5,3.6369,2.0190,goal,0.9633,2.4408
515,7,0.3804,3.9893,1.7702,0.9296,0.7795,1,1.1044,1.6873,collision,0.3086,0.5550
516,19,15.5362,15.2392,2.0150,2.1268,2.4288,5,3.9838,1.9678,goal,1.0289,2.5464
517,7,0.2983,3.9564,1.5911,1.0359,2.0951,1,1.4673,1.6313,collision,0.8200,2.3205
518,7,0.3924,3.9380,1.5721,1.7477,1.9274,1,0.7424,1.7775,collision,0.4649,0.9740
519,7,0.2785,4.1925,1.7536,3.8103,1.3194,1,1.4253,1.9121,collision,0.6200,1.3510
520,7,0.5171,3.9662,1.8081,1.5472,2.7056,1,0.8596,1.8886,collision,0.3875,1.0435
521,7,0.3723,3.9763,1.7952,1.4829,2.5037,1,0.9675,1.7983,collision,0.4476,1.0462
522,7,0.3903,4.0018,1.8122,1.3754,2.3314,1,0.6554,1.7249,collision,0.2119,0.5112
523,7,0.3383,3.9688,1.8296,1.3832,1.7956,1,0.8754,1.7588,collision,0.4981,0.8453
524,7,0.4387,3.9393,1.8183,1.5018,1.7502,1,0.1585,1.7502,collision,0.4758,0.7074
525,7,0.3272,3.9722,1.7169,2.0666,1.2720,1,0.5008,1.9333,collision,0.6256,1.4620
526,6,0.3255,3.9975,1.7762,2.5194,2.4334,1,0.9169,1.9160,collision,0.5505,1.4740
527,20,15.4798,15.1200,2.0506,1.7893,1.7594,5,3.5303,1.9776,goal,1.1832,3.7199
528,7,0.5021,4.0072,1.7292,1.6317,1.5281,1,0.7848,1.8892,collision,0.5035,0.9868
529,7,0.3833,3.9317,1.6319,3.1923,2.1211,1,0.8498,1.7427,collision,0.4116,0.7070
530,7,0.3866,3.9796,1.7125,2.6124,2.6513,1,1.0555,1.7858,collision,0.4474,0.9870
531,19,15.3404,15.7992,2.0011,1.7515,2.0348,5,3.7560,2.0588,goal,0.9728,2.7587
532,8,0.6150,4.0516,1.7956,0.9974,3.0642,1,0.7262,1.8551,collision,0.3504,1.1254
533,7,0.2781,4.0953,1.8104,2.5128,2.3250,1,1.7204,1.8071,collision,0.6723,1.6265
534,8,0.3505,3.9786,1.6660,1.2050,1.2546,1,0.8233,1.6386,collision,0.3537,1.1362
535,7,0.4330,3.9384,1.6673,2.1411,1.8231,1,0.8001,1.5860,collision,0.4639,1.2471
536,7,0.4337,3.9527,1.7346,1.4945,1.7608,1,0.5656,1.6866,collision,0.2419,0.6136
537,7,0.3863,3.9553,1.7790,0.8984,1.8373,1,1.1716,1.9254,collision,0.4267,1.5406
538,24,0.6457,3.9272,0.9271,2.5262,1.9698,1,0.9912,0.9271,collision,0.3583,1.1784
539,7,0.4323,4.0089,1.8171,1.7138,1.3344,1,1.0325,1.9022,collision,0.3247,0.5769
540,19,15.4650,15.1196,2.0737,1.3379,1.9583,5,4.3011,1.9711,goal,1.0746,3.0645
541,8,0.4737,3.9434,1.6326,0.9011,1.9196,1,0.5184,1.7293,collision,0.3506,0.6041
542,30,16.3852,15.3956,1.5719,1.3330,1.9906,5,1.5917,1.7854,goal,0.8508,4.3104
543,7,0.3370,3.9777,1.8885,1.4086,1.5416,1,1.3615,1.8536,collision,0.4864,1.1613
544,8,0.3669,4.0612,1.8450,1.7993,2.0856,1,0.9157,1.6723,collision,0.4402,1.2019
545,7,0.3771,4.0180,1.8876,1.6843,1.8869,1,1.2747,1.8134,collision,0.4622,0.9952
546,6,0.4903,3.9518,1.8984,2.6640,1.8890,1,1.4217,2.1827,collision,0.5473,1.6231
547,7,0.3423,3.9789,1.7536,2.1823,1.8600,1,1.3673,1.8213,collision,0.5122,0.9683
548,7,0.4927,4.0109,1.8237,1.7559,2.6585,1,0.9857,1.9412,collision,0.5057,1.1312
549,8,0.6302,4.0064,1.9435,3.8413,2.0921,1,0.8523,1.9299,collision,0.3095,0.7535
550,20,0.3426,3.9283,0.9179,1.4436,1.5137,1,0.4336,0.9179,collision,0.3245,1.2889
551,7,0.4053,3.9626,1.9299,1.8622,2.1960,1,0.5667,1.7357,collision,0.4588,0.9608
552,6,0.4017,3.9982,1.8881,1.6079,3.5927,1,0.9927,2.1082,collision,0.3410,0.6096
553,7,0.5762,4.0270,1.9481,1.3757,1.4615,1,0.9487,1.9372,collision,0.4379,1.7992
554,20,15.5283,15.0773,2.0645,1.7077,2.5278,5,4.5138,1.9205,goal,1.0518,2.8015
555,7,0.3705,3.9827,1.8459,2.0554,2.2254,1,1.0111,1.9535,collision,0.6932,1.5511
556,7,0.3345,3.9539,1.9389,1.6395,1.6574,1,1.6251,1.8233,collision,0.7154,1.7021
557,9,0.5090,4.0258,1.8746,0.8535,2.4171,1,0.8369,1.6174,collision,0.2700,0.7637
558,7,0.4399,3.9651,1.9000,1.3195,1.8164,1,0.7693,1.7602,collision,0.3933,0.9506
559,7,0.4576,3.9474,1.9111,1.3936,1.6264,1,0.7050,1.9262,collision,0.2782,0.7763
560,8,0.2511,4.9634,2.0728,2.1559,2.7951,1,2.5484,1.9562,collision,1.2721,4.0393
561,54,15.5613,15.2101,1.1065,2.4285,2.1574,5,3.3953,1.1065,goal,0.6738,4.2306
562,7,0.4945,3.9728,1.8519,3.0666,2.4240,1,0.7276,1.8919,collision,0.4236,0.8742
563,7,0.5554,3.9734,1.7797,1.7024,2.4603,1,0.7597,2.0109,collision,0.5060,0.9641
564,7,0.5278,4.0234,1.9546,1.2508,2.0799,1,1.1715,1.9055,collision,0.4249,0.7704
565,8,0.5600,3.9639,1.8563,0.9453,2.4094,1,0.8791,1.9184,collision,0.4395,1.1824
566,7,0.4081,4.0203,1.9484,2.1209,2.4639,1,1.0427,1.7652,collision,0.2692,0.5499
567,7,0.4108,4.0330,1.9509,0.9662,2.9375,1,0.8537,1.9660,collision,0.2973,0.6859
568,6,0.4138,3.9778,1.9222,1.3941,1.9760,1,0.8717,2.0651,collision,0.3354,0.9265
569,6,0.3766,3.9826,1.9290,2.8622,1.4311,1,1.1578,2.0725,collision,0.4933,1.4404
570,7,0.3986,4.0478,1.8624,2.4693,1.2429,1,1.1436,1.8724,collision,0.6637,1.3277
571,7,0.3595,3.9425,1.7773,1.6688,1.6571,1,1.2158,1.7879,collision,1.0994,2.7650
572,8,0.5108,3.9567,1.8558,2.5160,2.1852,1,0.8616,1.6907,collision,0.5493,1.0011
573,7,0.5313,3.9497,1.9321,3.0010,2.2559,1,1.0272,2.0518,collision,0.6304,1.3581
574,20,15.6873,15.8633,2.0662,3.0342,2.1175,5,4.2908,1.9527,goal,1.0144,3.4080
575,7,0.3600,4.0375,1.9052,2.2622,1.4833,1,1.1694,2.0089,collision,0.3495,0.9357
576,7,0.3991,3.9799,2.0772,0.7465,1.8640,1,1.1658,1.9957,collision,0.4198,0.8423
577,7,0.5689,3.9702,1.8831,1.2789,2.5658,1,0.8080,1.8424,collision,0.5877,1.2135
578,7,0.4359,3.9795,1.9831,1.5005,1.9887,1,0.8012,2.1507,collision,0.7913,1.8773
579,6,0.4724,4.0050,2.0725,0.9124,2.2270,1,1.0972,2.2356,collision,0.5562,1.3226
580,7,0.3505,3.9608,2.1180,1.2483,1.6912,1,0.9997,1.9171,collision,0.2413,0.5727
581,7,0.4273,3.9979,2.1164,1.3759,1.8830,1,0.9997,1.9695,collision,0.6615,1.4361
582,7,0.5882,3.9619,1.9843,1.1736,2.5758,1,0.7923,2.1066,collision,0.2932,0.6551
583,7,0.4385,4.0076,2.1079,1.9104,1.8168,1,0.7835,2.2257,collision,0.4416,0.6552
584,7,0.4680,3.9780,1.9630,1.6135,2.6272,1,0.4173,2.1086,collision,0.5022,1.0723
585,7,0.5873,3.9951,1.9722,4.8606,3.0741,1,0.8492,2.0654,collision,0.3867,0.9319
586,19,15.7347,15.3089,2.0904,2.8884,2.5261,5,5.4030,2.0540,goal,1.2046,3.5046
587,6,0.3866,4.0394,2.0217,2.6152,2.6146,1,0.9111,2.0737,collision,0.6488,1.9860
588,7,0.5565,3.9882,2.0428,5.7456,2.1674,1,0.6290,2.0026,collision,0.4056,0.8789
589,7,0.4205,3.9731,1.8596,1.4697,1.9084,1,0.6504,1.9695,collision,0.6126,1.2245
590,19,20.6256,15.1862,2.1072,3.3934,2.1946,5,4.3562,2.0345,goal,1.2087,4.3717
591,6,0.5418,4.0081,1.9847,1.0336,2.3952,1,0.9034,2.1401,collision,0.5770,1.0718
592,7,0.3849,4.0319,1.9717,1.1087,2.3847,1,0.7837,2.1001,collision,0.3045,1.0842
593,7,0.3147,3.9665,1.8583,1.8881,1.5451,1,1.7439,1.8074,collision,1.1404,2.2046
594,7,0.3234,4.0257,1.9634,1.0666,2.1824,1,1.7506,2.0147,collision,0.9465,2.9956
595,7,0.4612,3.9429,2.0460,1.5938,1.8331,1,0.9753,1.9483,collision,0.3057,0.5701
596,7,0.6371,4.0317,2.0230,1.7576,1.8359,1,0.7580,1.8652,collision,0.3506,0.9140
597,7,0.3885,4.0112,1.9518,0.9637,2.0749,1,0.8226,1.9052,collision,0.3551,0.8642
598,7,0.4928,4.0171,2.0362,1.8193,1.7432,1,1.4489,2.2117,collision,0.6599,2.5145
599,11,0.4595,3.9605,1.2504,1.6157,2.2856,1,1.1878,1.2504,collision,0.4136,0.8221
600,7,0.4331,3.9504,1.9778,2.2389,2.1596,1,0.8710,1.7590,collision,0.3471,0.7889
601,6,0.4360,3.9438,1.9892,2.9849,3.4852,1,1.0930,2.0179,collision,0.3559,0.7376
602,7,0.4045,3.9560,1.8771,5.2096,2.7844,1,0.6588,1.8389,collision,0.4242,0.9569
603,7,0.5105,3.9351,1.9108,2.5968,1.6742,1,0.6950,1.9824,collision,0.4542,1.0507
604,20,-2.4063,2.2278,1.0602,2.6664,2.3855,0,1.6989,1.0602,collision,0.6079,2.3525
605,7,0.4169,3.9717,2.0516,1.2134,1.6361,1,1.1149,1.8684,collision,0.4420,1.2541
606,7,0.3185,4.0214,2.0066,1.2880,2.2207,1,2.2290,1.9820,collision,0.7292,1.5599
607,7,0.3228,3.9988,2.0283,1.5487,2.4905,1,1.9169,2.0517,collision,1.0848,3.3988
608,7,0.2930,4.9352,2.1548,1.7002,1.9377,1,2.2267,2.1714,collision,1.1778,2.7351
609,6,0.4245,3.9828,2.0810,1.3057,1.8570,1,1.0819,2.1773,collision,0.5404,0.9897
610,6,0.3404,4.0302,2.2029,1.7400,2.4330,1,1.7932,2.0902,collision,0.7042,3.3650
611,7,0.3316,3.9688,2.0317,1.7069,2.5602,1,0.9673,2.1152,collision,0.5991,2.1804
612,7,0.4890,4.0110,2.2164,1.5978,2.3381,1,0.8645,2.1037,collision,0.6259,1.2560
613,7,0.3521,3.9435,1.9081,3.5739,3.0657,1,0.4124,2.0047,collision,0.4936,0.9486
614,6,0.3431,3.9772,2.0177,1.3291,2.3045,1,1.1161,2.0838,collision,0.2753,0.5405
615,7,0.3649,3.9557,1.8031,1.8479,2.8293,1,0.4398,1.8472,collision,0.4549,0.9404
616,8,0.3689,4.0140,1.9682,1.9736,2.1303,1,0.9695,1.7381,collision,0.6565,1.1660
617,21,15.8536,15.7149,2.0135,1.8202,2.0524,5,4.2452,1.9592,goal,1.0351,2.6050
618,7,0.3701,3.9859,1.8128,2.2596,1.5005,1,0.6794,1.8393,collision,0.3303,0.4965
619,7,0.3094,4.0244,2.0060,2.4250,2.1237,1,1.2613,1.8902,collision,0.5484,1.1190
620,7,0.4643,3.9401,1.8928,2.0999,2.1360,1,0.1919,2.1134,collision,0.4506,1.1521
621,7,0.3881,3.9536,2.0673,3.4514,1.6438,1,0.8306,1.9433,collision,0.2691,0.6816
622,19,15.5457,15.0618,2.1099,1.1419,2.7826,5,4.4607,2.0058,goal,0.7630,2.6781
623,7,0.3948,4.0095,2.1586,2.8115,1.4970,1,0.9988,1.9140,collision,0.6417,2.2745
624,6,0.3894,3.9863,2.0611,4.7098,1.8531,1,0.9452,2.0506,collision,0.3471,0.7885
625,6,0.4159,4.0074,2.0244,3.3853,3.0007,1,0.9204,2.0017,collision,0.2898,0.8161
626,19,15.3635,15.8487,2.0446,1.5432,1.4403,5,3.6023,2.1485,goal,1.1090,3.2394
627,19,15.4188,15.1940,2.1030,1.8034,1.6675,5,4.9226,1.9861,goal,1.3678,3.2598
628,7,0.4012,3.9298,1.9187,0.9150,1.7951,1,0.5364,2.0024,collision,0.3369,0.6796
629,19,15.4877,15.5232,2.0982,7.3091,2.3873,5,5.3941,2.0847,goal,0.9937,2.2613
630,7,0.2956,3.9400,1.7735,1.1258,2.2583,1,1.7199,1.6422,collision,0.4629,1.5063
631,20,20.8220,15.8672,2.1172,1.7595,1.5763,5,4.8037,2.0607,goal,1.0516,4.6621
632,20,15.4872,15.8134,2.0840,3.6703,1.9660,5,4.2617,2.0096,goal,1.0448,2.9573
633,6,0.3916,3.9621,2.0500,1.1657,2.7724,1,0.7306,2.0368,collision,0.3694,0.8594
634,7,0.2913,4.0861,2.0561,2.4077,2.0358,1,1.2556,2.0987,collision,0.8431,1.4721
635,7,0.4571,3.9970,2.0957,0.9908,2.0331,1,0.5420,1.8378,collision,0.2409,0.4857
636,19,15.5180,15.2545,2.1008,2.3289,2.2981,5,5.3634,2.0814,goal,1.0029,1.8010
637,7,0.4382,4.0246,2.1419,2.0292,1.9649,1,0.9347,2.0550,collision,0.2739,0.7556
638,7,0.3751,3.9705,2.1008,2.3077,1.8374,1,1.0884,2.0370,collision,0.4218,0.6550
639,19,15.5734,15.4976,2.0961,3.1204,2.6490,5,4.6647,2.0328,goal,0.9071,3.0904
640,7,0.4155,3.9461,1.9127,5.6887,1.7500,1,0.7661,2.0014,collision,0.6769,1.0534
641,7,0.4125,3.9939,1.9839,2.2273,3.4674,1,1.1352,2.2613,collision,0.5496,1.6582
642,6,0.3170,4.0950,2.0379,1.6265,1.4663,1,1.4177,2.1437,collision,0.4487,1.2055
643,8,0.4521,3.9544,2.1567,4.3111,2.3183,1,0.9467,1.7639,collision,0.1613,0.3429
644,7,0.3391,3.9598,2.1005,0.9676,2.7059,1,1.0090,2.1287,collision,0.3156,0.8874
645,7,0.4112,4.0394,2.1209,3.3850,2.6393,1,1.1405,2.1411,collision,0.5485,1.1510
646,7,0.3335,4.0051,1.8829,2.7384,2.3665,1,1.1189,1.9817,collision,0.3608,1.0090
647,7,0.2962,4.0489,2.0054,3.6739,3.9597,1,1.6798,2.1694,collision,0.4123,1.6968
648,7,0.5006,3.9626,1.9100,3.3038,2.4895,1,0.5287,2.0975,collision,0.4696,0.8790
649,41,16.0885,15.5342,1.6032,3.2475,1.8459,5,1.8926,1.6884,goal,0.7281,2.6338
650,19,15.4092,15.3263,2.1071,1.6416,2.4402,5,4.7222,1.9972,goal,0.9609,3.2210
651,16,0.5134,3.9620,1.5484,2.4678,2.6498,1,0.5095,1.7656,collision,0.6697,2.2181
652,7,0.4245,3.9492,2.0239,2.5591,2.3324,1,1.2269,2.0357,collision,0.7314,1.4166
653,7,0.3053,3.9991,1.9704,1.7667,2.2927,1,2.7045,1.8332,collision,1.0198,3.0731
654,22,15.7583,15.4705,1.9903,2.5494,2.3409,5,4.1817,1.8707,goal,1.2101,3.5075
655,19,15.3181,15.4606,2.1108,3.0323,1.9988,5,4.7516,2.0704,goal,1.2115,2.8590
656,20,15.4919,15.4368,2.1422,2.9395,2.3126,5,4.8649,1.9816,goal,1.2143,2.3869
657,19,15.4744,15.7336,2.1695,1.8666,2.8447,5,5.1744,2.0904,goal,1.1019,2.3618
658,12,2.7407,8.3118,2.2026,3.8445,1.9524,2,3.3938,2.0766,collision,1.2598,5.1426
659,8,0.0412,4.6073,2.1186,3.2830,2.3878,1,3.2093,2.1389,collision,1.0221,4.9224
660,12,2.7127,7.9003,2.2044,2.4512,2.5428,2,2.4840,1.9723,collision,1.1031,3.3269
661,19,15.4639,15.4721,2.1412,4.2123,2.1338,5,5.3016,2.0029,goal,1.0265,1.9929
662,18,15.6354,15.5376,2.0822,4.9496,2.1952,5,4.6249,2.1319,goal,1.7401,5.2224
663,6,0.3219,4.0175,2.0039,2.5287,2.5617,1,1.3453,2.0177,collision,0.4825,1.1176
664,18,15.7097,15.0730,2.0966,2.5338,2.3736,5,5.5212,2.0765,goal,1.3575,3.4652
665,20,15.5967,15.9218,2.0347,1.9686,2.7463,5,5.1868,1.9883,goal,1.1909,3.5266
666,19,15.7363,15.1135,2.0523,3.5085,2.4525,5,4.7384,2.0457,goal,1.3100,3.8060
667,21,30.7465,15.7641,2.0385,2.5492,2.3468,5,4.8321,2.0667,goal,1.5218,4.2865
668,7,0.4139,4.0276,2.0939,2.8879,2.2719,1,1.1208,1.8570,collision,0.2356,0.4981
669,19,15.4210,15.0961,2.0591,2.1844,2.4080,5,4.7755,1.9885,goal,1.4083,5.0507
670,20,15.4186,15.6444,2.0893,2.2260,2.3473,5,5.1738,1.9477,goal,1.3997,5.9227
671,13,2.6914,9.4869,2.0823,4.3006,2.6514,2,4.8267,1.9502,collision,1.4967,7.1090
672,20,15.4387,15.8907,2.0979,2.4751,2.5120,5,5.3092,2.0023,goal,1.0596,2.7667
673,19,15.3707,15.7581,2.1153,2.3084,2.8620,5,4.8332,2.0641,goal,1.2406,3.7021
674,19,15.3371,15.4078,2.1370,4.5758,3.5021,5,4.8709,2.0192,goal,1.3556,2.7268
675,7,0.0769,4.6590,2.2453,3.6069,2.1022,1,3.6237,2.1242,collision,1.4721,3.7503
676,13,5.9018,9.5184,2.0999,2.6785,2.5532,3,4.8782,2.1493,collision,1.5277,6.7991
677,19,15.4726,15.6595,2.0677,2.6433,3.0605,5,4.9964,1.9717,goal,1.1248,3.1526
678,19,15.5578,15.6394,2.0760,4.3283,3.2719,5,5.5168,2.0359,goal,1.2615,3.2649
679,19,25.6626,15.2839,2.0854,2.3427,2.1029,5,5.6453,2.0277,goal,1.1969,4.4794
680,19,25.7500,15.3318,2.0763,3.8385,2.5520,5,6.2679,2.0479,goal,0.9169,2.2760
681,19,30.7293,15.2939,2.1439,2.9290,2.5785,5,5.8557,2.0633,goal,1.9748,7.3331
682,19,35.9107,15.5830,2.1401,1.9341,2.2705,5,5.7552,2.1461,goal,1.5997,8.2871
683,18,9.5932,14.5687,2.1107,2.1257,3.3302,4,4.0679,2.1881,collision,1.2242,5.4587
684,17,14.9446,12.5272,2.1776,3.6570,2.6502,4,5.6995,2.1988,collision,1.2011,4.1075
685,16,19.8612,12.9880,2.1371,3.9887,2.2781,4,6.7375,2.1002,collision,1.4602,4.5457
686,16,6.2224,11.7517,2.1115,1.9364,4.1812,3,6.0412,1.9424,collision,1.3138,6.1290
687,21,29.6632,14.2156,2.1118,2.5857,2.3331,4,4.4638,2.0072,collision,2.1509,7.1486
688,19,35.7996,15.2784,2.1158,2.3673,2.5681,5,6.6334,1.9985,goal,1.7800,7.7845
689,19,30.7743,15.5920,2.0987,4.4498,3.5524,5,6.0417,2.0107,goal,1.5447,7.7518
690,19,29.8838,15.6068,2.0878,2.4695,4.1306,4,6.5772,2.0817,collision,1.7997,7.3677
691,20,34.9559,15.2381,2.0534,4.0310,3.1455,4,6.4185,2.0191,collision,1.6601,7.9076
692,20,35.8224,15.1438,2.1031,5.0484,3.3243,5,6.7659,1.8718,goal,1.2374,3.5252
693,19,15.7071,15.4229,2.1602,1.3989,3.9833,5,5.8986,2.1102,goal,1.1136,4.2565
694,17,19.8226,12.5684,2.1881,3.3889,2.7369,4,5.6019,2.1924,collision,1.1797,3.7085
695,16,11.1766,12.6193,2.2049,1.7827,3.0593,3,6.6634,2.1556,collision,1.5542,5.2770
696,20,24.7928,15.6566,2.1684,3.3500,3.3459,4,6.6972,2.0560,collision,1.5275,6.0539
697,20,30.8547,15.2463,2.1749,2.5645,3.2388,5,5.6460,2.1065,goal,1.6725,7.0362
698,18,15.5890,15.3357,2.1449,3.2286,2.6468,5,6.2309,2.0904,goal,1.4235,6.0725
699,19,30.7070,15.7429,2.1708,1.6723,3.2057,5,6.5243,2.1131,goal,1.4893,4.7729
700,17,9.7338,13.7100,2.1713,3.1404,3.6421,4,6.4213,2.1220,collision,1.6074,10.0747
701,18,30.6678,15.0634,2.2354,1.8019,2.9977,5,6.0258,2.1844,goal,1.3149,3.9856
702,17,6.2643,11.7010,2.1858,2.5439,3.0582,3,5.6891,1.9896,collision,1.8017,10.3915
703,19,35.7942,15.1878,2.1358,1.5771,2.9543,5,6.3362,2.0035,goal,2.0041,7.6627
704,20,30.7948,15.5388,2.1522,4.0096,3.8168,5,7.2347,1.9783,goal,1.5927,6.4582
705,19,30.7343,15.4041,2.1315,2.4138,4.1838,5,6.6456,1.9974,goal,1.2808,3.9248
706,19,35.8210,15.3948,2.0773,1.6594,2.9052,5,5.1254,2.0638,goal,1.9643,9.9236
707,19,30.6702,15.8467,2.0573,2.8431,4.5470,5,6.8259,2.0277,goal,1.1092,2.8905
708,18,29.7315,14.9782,2.1401,1.9964,3.4239,4,7.7495,2.1386,collision,1.3492,5.1519
709,19,30.7210,15.8291,2.1372,1.3979,2.9225,5,7.1871,2.1017,goal,1.2451,4.1030
710,19,35.9478,15.1908,2.1128,3.2053,4.0868,5,6.9014,2.0602,goal,1.4277,7.0264
711,15,6.1661,11.6536,2.1735,1.6312,3.7412,3,5.5874,2.1064,collision,1.9524,10.8961
712,19,25.7717,15.7263,2.1843,3.1274,4.4516,5,6.8763,2.0730,goal,1.1895,3.2637
713,19,30.7638,15.7087,2.1419,2.4790,3.5044,5,7.4287,2.0147,goal,1.3343,5.4103
714,20,15.7509,15.4869,2.1598,3.4012,3.2201,5,6.8718,2.0729,goal,1.1421,3.7868
715,19,29.7418,14.8157,2.0940,5.3589,3.4420,4,7.8843,2.0925,collision,1.7013,7.1110
716,16,6.1325,11.7997,2.1832,3.6390,3.8283,3,7.3822,2.0704,collision,2.0653,7.6763
717,21,35.6818,15.5568,2.0804,2.9242,4.1902,5,5.6609,1.8870,goal,1.6435,8.7754
718,20,19.7414,13.1477,2.1580,3.1948,3.0774,4,4.5393,2.0519,collision,1.2618,3.6068
719,15,6.1658,12.2196,2.2435,2.5765,3.2637,3,7.4316,2.1868,collision,1.8582,12.2231
720,16,6.2654,11.7102,2.0367,2.6275,3.7518,3,5.5865,2.0921,collision,0.9070,2.6339
721,17,19.8985,13.0443,2.0982,2.0583,3.7926,4,6.0517,2.0282,collision,2.0260,5.4859
722,19,34.9004,15.4683,2.0996,4.3304,3.9178,4,7.5047,2.0790,collision,1.5826,8.0640
723,19,29.8547,15.4327,2.1382,2.1890,3.6443,4,7.7431,2.0680,collision,1.1167,2.7671
724,19,30.7343,15.5813,2.1356,2.9727,3.9277,5,7.2766,2.1775,goal,1.6104,4.8568
725,21,30.7735,15.8803,2.0993,4.5121,4.1821,5,7.3835,2.0659,goal,1.3751,3.6843
726,19,35.7612,15.0835,2.0213,3.9979,4.7834,5,8.1051,1.9733,goal,1.2885,5.2123
727,20,15.7281,15.7634,2.0351,4.5199,3.7063,5,7.6264,1.9867,goal,1.2695,2.5247
728,21,15.8090,15.1791,1.9054,2.8666,4.2059,5,7.4147,1.9022,goal,1.0677,3.9901
729,23,15.5637,15.6100,1.8663,1.7167,5.1650,5,7.8233,1.8133,goal,1.4389,5.1255
730,21,15.7546,15.0989,1.9051,3.6424,4.0284,5,7.1101,1.9125,goal,1.1435,4.5055
731,22,15.6373,15.6050,1.8764,2.8825,4.0611,5,7.8963,1.8305,goal,1.3108,4.3091
732,22,15.6558,15.2446,1.8329,2.7122,3.7511,5,7.9143,1.8809,goal,1.4288,3.7885
733,24,15.7920,15.0529,1.7808,3.2797,3.8371,5,6.6554,1.8140,goal,1.0975,3.8735
734,67,15.4185,15.3345,1.1416,3.6411,3.6835,5,4.0139,1.1416,goal,0.9330,4.4806
735,22,30.8335,15.0866,1.7718,3.4428,5.2656,5,7.5115,1.8365,goal,1.4030,6.6351
736,21,30.7680,15.1886,1.9025,3.3104,3.8368,5,7.3378,1.9368,goal,1.6756,7.7146
737,19,14.7383,13.0366,1.8791,4.0685,4.9150,4,8.1566,1.9086,collision,1.4025,9.1156
738,20,40.8292,15.4904,1.8760,2.0546,3.2809,5,8.4499,1.9404,goal,1.5396,6.3001
739,21,40.6958,15.3181,1.9392,1.6331,4.8119,5,8.4517,1.8558,goal,1.7779,7.3063
740,19,9.7966,12.3095,1.8398,2.8741,4.6444,4,7.8949,1.7430,collision,1.7004,11.2092
741,21,30.6707,15.5654,1.9079,2.4538,3.9527,5,7.5311,1.8937,goal,1.3908,7.2115
742,21,20.7417,15.6404,1.9209,2.8206,4.2482,5,8.0819,1.8864,goal,1.4958,4.8935
743,26,45.7869,15.2288,1.6000,3.7540,3.9142,5,8.8115,1.6026,goal,1.6225,5.0626
744,25,0.6784,3.9294,0.9906,3.3074,4.3502,1,1.8561,0.9906,collision,0.4579,1.7622
745,22,15.7195,15.1796,1.7548,3.1311,4.7324,5,8.8054,1.8252,goal,1.7852,5.3228
746,22,30.6662,15.2845,1.6327,3.8251,4.3811,5,8.2489,1.8622,goal,1.3172,5.7566
747,22,24.6889,13.9824,1.5694,2.4330,4.0307,4,9.1190,1.6389,collision,1.4445,3.4757
748,24,15.7241,15.4883,1.7329,3.4662,4.2058,5,9.0236,1.8030,goal,1.7943,4.6718
749,22,15.7115,15.3561,1.6638,2.9284,4.4419,5,8.1471,1.8854,goal,1.2617,5.2640
750,22,25.7820,15.3318,1.6267,2.4072,5.3622,5,8.1682,1.7167,goal,1.4380,3.8291
751,21,15.8107,15.0832,1.6783,2.2214,4.8222,5,8.6217,1.8460,goal,1.3430,2.4192
752,24,15.8633,15.5103,1.5609,2.3404,3.7008,5,9.1219,1.5787,goal,1.3023,5.4415
753,23,15.6960,15.6329,1.7481,2.6446,3.6322,5,8.3972,1.8501,goal,1.2186,4.3852
754,22,15.7735,15.1744,1.7262,3.4108,5.4708,5,7.9702,1.6961,goal,1.0196,4.4336
755,21,15.7111,15.4791,1.8005,2.2741,4.4297,5,8.7052,1.8135,goal,1.3618,5.0705
756,23,15.7993,15.2331,1.8511,2.6883,5.2506,5,8.0836,1.7869,goal,1.3831,4.8741
757,21,15.6314,15.4542,1.7827,4.8527,4.6049,5,8.5450,1.8750,goal,1.2842,6.8053
758,24,15.7418,15.0661,1.7151,4.1647,5.4461,5,8.6221,1.6959,goal,1.4597,4.0273
759,26,15.8662,15.4357,1.5668,4.2920,6.2313,5,8.7715,1.6360,goal,1.4511,3.9447
760,22,15.7807,15.1481,1.7560,3.0930,4.9254,5,8.9510,1.8784,goal,1.2440,4.5770
761,23,15.6426,15.2125,1.6296,2.9309,4.8475,5,9.2560,1.6747,goal,1.6126,6.2710
762,27,15.5325,15.6599,1.6509,3.3183,5.2689,5,7.9820,1.5548,goal,1.1549,5.2232
763,25,15.6102,15.3771,1.7323,3.0552,5.0272,5,8.1598,1.7402,goal,1.3168,3.0235
764,23,15.7155,15.6683,1.7075,3.8284,5.3366,5,8.0739,1.7359,goal,1.2082,5.1794
765,24,40.8505,15.1891,1.7399,4.5585,5.0042,5,9.4350,1.7917,goal,1.5590,9.8093
766,22,25.7724,15.0851,1.7749,3.2059,5.3954,5,9.6910,1.8048,goal,1.9772,5.5600
767,22,30.7498,15.3692,1.7790,4.1436,4.0253,5,9.7952,1.8312,goal,1.4980,4.7806
768,21,35.9452,15.0468,1.7805,3.6712,5.0923,5,10.7432,1.7926,goal,1.3548,5.9247
769,11,0.3574,3.9330,1.2095,3.9110,5.3621,1,2.7414,1.2095,collision,0.1971,0.6560
770,23,35.7997,15.6631,1.8162,4.3958,4.2514,5,10.1136,1.7838,goal,0.7993,1.9838
771,23,16.0599,15.4278,1.7341,3.1213,4.4278,5,9.0272,1.7471,goal,1.4037,3.4604
772,21,30.6867,15.0199,1.9186,2.5718,3.6250,5,10.4207,1.9074,goal,1.2441,4.0430
773,22,40.7873,15.0861,1.7389,3.1255,4.3991,5,10.4585,1.8290,goal,1.8213,5.0685
774,21,30.7053,15.2269,1.7116,3.1119,4.0448,5,10.7955,1.7227,goal,1.3520,4.6448
775,23,40.7186,15.1026,1.8240,3.2389,5.5551,5,8.6943,1.7667,goal,2.0454,6.9926
776,24,30.8517,15.6930,1.7860,3.5830,5.7980,5,9.0147,1.7647,goal,1.3165,4.3130
777,22,15.5831,15.6455,1.7793,2.3053,5.8844,5,9.2412,1.8813,goal,1.4418,4.3766
778,22,15.6861,15.0567,1.7153,3.7667,5.4344,5,10.3825,1.6570,goal,1.9516,5.5432
779,22,15.9070,15.0919,1.7996,3.1282,5.8022,5,10.2332,1.8646,goal,1.9466,6.4897
780,23,25.8400,15.6668,1.7513,3.1593,5.8341,5,9.9390,1.7566,goal,1.0787,2.9796
781,24,40.8339,15.1462,1.7714,2.2981,4.3776,5,9.9231,1.7437,goal,1.7034,5.6061
782,24,35.7759,15.4268,1.6809,2.9009,4.2956,5,11.0315,1.7756,goal,1.7544,4.3645
783,21,35.8101,15.2981,1.7083,1.7121,4.9279,5,10.5351,1.8072,goal,1.0020,2.6691
784,25,15.9080,15.1380,1.6437,2.1424,5.4179,5,9.2874,1.6185,goal,1.3339,6.4599
785,25,20.6763,15.1843,1.5575,3.8718,5.0569,5,10.0147,1.5955,goal,1.0047,2.7354
786,22,15.7387,15.3450,1.7119,3.1078,4.9891,5,9.6385,1.8261,goal,0.9330,2.4570
787,23,15.7827,15.1377,1.6127,2.2233,4.5411,5,9.7127,1.7347,goal,1.1718,3.7211
788,23,20.6569,15.0354,1.6781,5.0683,4.7517,5,9.5846,1.6564,goal,1.1309,4.3323
789,22,15.8272,15.2622,1.6872,6.7583,5.2317,5,9.4532,1.7908,goal,1.3201,4.5487
790,23,15.7988,15.7405,1.7269,3.0165,5.4386,5,10.5237,1.7984,goal,1.5638,4.2925
791,23,15.7801,15.0268,1.7377,2.5592,5.2641,5,9.8863,1.7386,goal,0.9599,2.5027
792,22,25.7561,15.4060,1.7640,4.0397,4.4717,5,9.7642,1.8284,goal,1.7606,8.4524
793,23,20.7785,15.5030,1.6282,3.7667,5.7757,5,9.7390,1.6660,goal,1.3211,3.5152
794,23,35.8761,15.2641,1.8788,3.1323,5.0530,5,11.5140,1.8282,goal,1.7412,6.9826
795,21,35.8785,15.1544,1.9028,3.4677,4.7929,5,10.6578,1.8115,goal,1.5509,5.5169
796,21,30.6575,15.4936,1.8206,3.0482,5.8459,5,10.5644,1.7786,goal,1.4775,4.5291
797,20,35.8628,15.2449,1.9987,2.9704,5.5884,5,11.3552,1.9162,goal,1.5497,6.0178
798,20,35.7779,15.0487,1.9708,2.3435,5.5736,5,11.3958,1.9173,goal,1.0579,2.8127
799,20,25.7163,15.1432,1.9100,3.6731,6.1502,5,11.0292,1.8561,goal,1.3860,6.2441
800,20,15.6681,15.8259,1.9044,3.2641,5.4502,5,10.6868,1.9013,goal,1.8432,7.2051
801,21,35.6954,15.7613,1.9090,3.4366,5.5636,5,10.2700,1.9281,goal,2.0545,12.6236
802,22,15.6942,15.1732,1.8644,2.2703,6.1160,5,11.4918,1.7516,goal,1.9232,8.8356
803,19,30.7067,15.0264,1.9125,2.7611,5.7326,5,10.9028,2.0330,goal,1.5055,5.0233
804,20,25.6954,15.3735,1.8609,5.7062,6.4024,5,10.5843,1.8633,goal,1.4491,4.5033
805,20,30.6712,15.1004,1.8141,2.7727,6.0360,5,11.5255,1.8368,goal,1.7753,7.6396
806,21,30.7140,15.6482,1.8877,3.3858,5.8406,5,11.7720,1.8619,goal,1.0347,3.4824
807,20,35.7864,15.4727,1.9909,2.8500,5.2116,5,11.8095,2.0306,goal,1.5424,7.0070
808,20,30.8316,15.0150,1.9413,2.8716,5.8013,5,11.8036,1.9484,goal,0.8492,2.6098
809,21,30.8013,15.0067,1.9428,4.5670,5.0774,5,11.2232,1.8111,goal,1.2278,4.5176
810,20,40.7997,15.3271,1.9068,3.7107,4.8315,5,12.1131,1.8818,goal,1.5884,5.0898
811,22,15.6717,15.6869,1.8893,6.1128,5.2445,5,9.9543,1.7919,goal,0.9449,2.8810
812,22,30.7232,15.5138,1.8028,5.6161,5.0818,5,11.5772,1.7886,goal,1.1684,4.0355
813,20,30.7083,15.5113,1.7936,2.9809,5.4244,5,11.7156,1.9000,goal,1.3535,5.0628
814,21,40.8652,15.5194,1.8895,3.9956,4.9694,5,11.7298,1.9226,goal,1.7659,6.9866
815,22,40.7979,15.2795,1.7769,5.1064,5.4767,5,11.9084,1.7552,goal,1.4483,8.0531
816,23,30.7845,15.5489,1.8025,2.4429,5.3208,5,11.3962,1.8176,goal,0.9957,3.3148
817,21,35.9222,15.3831,1.7421,4.0390,5.8182,5,12.0335,1.7344,goal,0.8998,3.2952
818,22,15.8956,15.4297,1.8416,4.3379,5.0635,5,9.7639,1.9096,goal,1.2316,4.6356
819,23,15.7570,15.1945,1.7126,5.4210,5.7644,5,11.2169,1.6036,goal,1.7334,5.5272
820,24,40.7646,15.2123,1.6903,4.7099,4.9810,5,11.2249,1.6216,goal,1.5064,4.5773
821,22,35.7578,15.2720,1.7386,4.0072,6.5061,5,12.1273,1.7006,goal,1.2087,4.2196
822,21,15.7512,15.2961,1.7835,5.2116,8.0979,5,11.1518,1.8276,goal,1.5295,5.0610
823,18,6.2645,12.0496,1.8206,3.8921,4.8124,3,9.9330,1.8099,collision,2.1799,11.3628
824,21,19.7252,13.3276,1.9240,2.6647,5.3257,4,10.6206,1.8179,collision,3.0380,8.9122
825,18,14.7026,13.2449,1.9623,3.7193,6.7380,4,11.0847,2.0107,collision,2.7246,8.1934
826,18,6.1785,11.6904,1.8382,3.7027,5.9511,3,9.5731,1.7268,collision,2.0059,7.9801
827,19,0.5079,3.9840,1.1673,2.5542,8.7091,1,3.4005,1.1673,collision,0.5467,1.6695
828,20,35.8288,15.4657,1.9226,4.3071,6.5699,5,13.1875,1.9190,goal,1.4160,5.7911
829,19,35.8804,15.2637,1.9702,2.8609,6.2029,5,13.0282,1.9062,goal,1.3895,4.7497
830,19,30.7836,15.0240,2.0194,6.4867,6.5653,5,12.1353,1.9818,goal,0.9965,3.7715
831,19,35.7551,15.1729,1.8853,3.3682,6.1637,5,13.4643,1.9052,goal,1.4232,5.0742
832,21,35.7781,15.5394,1.8293,4.0800,5.6916,5,12.0002,1.8840,goal,1.5702,6.6585
833,23,45.9827,15.0970,1.7329,4.9260,5.9356,5,9.1158,1.7858,goal,2.4979,9.3000
834,21,15.7096,15.0679,1.7473,3.8429,6.2642,5,11.2721,1.7423,goal,1.5868,3.5426
835,21,35.8230,15.4498,1.7757,6.3842,7.2711,5,12.3665,1.8113,goal,1.3882,5.2666
836,21,40.9692,15.0172,1.7134,8.0914,5.5663,5,12.9845,1.8326,goal,1.4102,5.6849
837,22,35.9859,15.3776,1.7611,5.1293,5.9856,5,12.1812,1.7829,goal,1.4409,4.4938
838,21,40.9627,15.1482,1.7673,2.9715,7.9671,5,12.9979,1.7926,goal,1.7242,8.6722
839,20,36.0161,15.0177,1.8539,8.7158,6.6008,5,13.2704,1.8140,goal,1.3565,3.2795
840,20,40.8779,15.1709,1.7584,4.4708,6.6231,5,12.6579,1.8273,goal,1.5270,4.6759
841,20,29.8392,14.6646,1.9161,5.3815,7.8727,4,12.1384,1.9325,collision,2.3044,11.3799
842,27,0.2451,4.8374,1.0788,4.3184,5.9448,1,6.0781,1.0788,collision,1.2113,3.5957
843,18,0.7185,3.9477,1.1222,3.2290,6.4863,1,3.0649,1.1222,collision,0.6387,2.5274
844,26,50.8904,15.2699,1.6927,3.4931,6.9453,5,12.0950,1.6655,goal,1.5909,5.2718
845,24,30.7857,15.2952,1.5766,7.6334,8.4671,5,11.4954,1.6179,goal,1.5018,4.0331
846,22,30.8222,15.0601,1.6877,4.5291,7.1415,5,12.8113,1.6587,goal,1.2844,3.5054
847,21,30.8436,15.5185,1.6573,6.1964,6.3528,5,12.8592,1.7331,goal,1.5441,5.6799
848,22,15.8000,15.1490,1.8607,3.1991,6.7450,5,11.6331,1.7715,goal,1.4219,5.8340
849,20,35.6968,15.3810,1.9025,2.8734,6.3985,5,11.8294,1.8321,goal,1.5062,6.8562
850,19,30.8834,15.0972,1.8673,6.8286,5.9285,5,13.0230,1.9487,goal,1.3833,5.5203
851,19,30.7786,15.5046,1.7848,5.1580,6.2909,5,13.4285,1.9575,goal,1.7926,6.2941
852,22,35.8670,15.3437,1.8528,9.4328,7.1957,5,13.5820,1.7715,goal,1.3033,4.8376
853,20,40.8822,15.1263,1.7423,5.0541,5.8150,5,13.0215,1.7905,goal,1.8124,6.3402
854,21,40.8566,15.2213,1.6958,3.9463,7.3630,5,12.8860,1.7425,goal,1.9693,7.7888
855,21,36.1449,15.3614,1.8406,4.1113,6.9544,5,12.5480,1.9258,goal,1.7130,6.5795
856,21,40.9220,15.3478,1.7572,5.5070,7.0618,5,13.3288,1.7888,goal,1.6955,5.1497
857,22,30.8210,15.7188,1.7726,8.4284,8.2038,5,12.3121,1.7675,goal,1.0850,3.3588
858,22,40.8125,15.3441,1.7722,5.9689,6.3577,5,13.1519,1.6446,goal,1.2234,6.5513
859,20,35.8245,15.0339,1.9279,4.0894,7.3212,5,12.4881,1.8958,goal,2.3429,7.9858
860,20,24.9652,13.3557,1.9382,3.6664,7.8894,4,12.9475,1.8921,collision,2.9585,9.6076
861,21,40.7682,15.2799,1.7598,3.5258,5.3836,5,12.7477,1.7951,goal,2.0996,12.8919
862,21,40.8328,15.1565,1.8997,3.1147,7.5025,5,12.5735,1.9335,goal,1.7805,8.5500
863,21,35.8037,15.6738,1.8364,5.7796,7.0550,5,13.2278,1.9298,goal,1.3727,6.1933
864,22,45.9186,15.2970,1.7346,4.6964,6.3302,5,13.1414,1.7700,goal,1.9260,7.9698
865,21,40.8145,15.1646,1.7288,7.0223,9.8048,5,14.0257,1.7471,goal,1.2928,4.6556
866,22,35.9043,15.1477,1.6707,4.7690,8.6125,5,13.9310,1.7355,goal,1.3985,3.3892
867,24,15.6710,15.1135,1.5404,5.2883,6.7996,5,11.9992,1.5890,goal,1.2195,4.0046
868,22,35.6498,15.6179,1.6605,2.9587,7.3292,5,13.9059,1.7325,goal,2.0710,7.0354
869,22,15.7740,15.7175,1.7548,3.6034,8.0067,5,11.9254,1.7850,goal,1.4322,4.2154
870,21,15.6658,15.0778,1.7069,3.2683,7.4125,5,11.9175,1.7053,goal,1.8894,5.5357
871,21,0.4033,3.9461,1.0444,3.7310,6.2196,1,3.9017,1.0444,collision,0.6513,1.8790
872,24,45.9572,15.6347,1.7565,4.8187,7.7911,5,13.2740,1.6040,goal,1.7226,6.5119
873,22,45.9105,15.1834,1.6695,3.6124,6.8539,5,13.5406,1.7941,goal,2.8109,9.8814
874,24,45.9819,15.5519,1.6271,3.8748,5.6303,5,14.1664,1.6046,goal,1.4603,4.4204
875,24,40.9979,15.2170,1.6151,3.0366,7.5850,5,14.4635,1.6037,goal,1.2901,2.9379
876,22,19.8425,13.3063,1.5156,2.6616,8.3831,4,14.1393,1.5845,collision,2.1184,14.3246
877,24,45.9108,15.4336,1.5584,3.8972,6.7129,5,12.7486,1.5432,goal,1.9332,6.0561
878,22,40.8471,15.4215,1.6207,5.9911,7.6096,5,14.5981,1.6702,goal,0.9075,4.0314
879,21,40.9066,15.2837,1.7084,8.1895,7.2878,5,14.8568,1.7184,goal,1.7875,5.0798
880,25,0.5921,3.9280,1.0413,3.7903,6.2556,1,3.7246,1.0413,collision,0.7299,1.7189
881,22,40.9705,15.3964,1.7076,4.7224,7.9614,5,14.4358,1.7149,goal,1.2376,3.2211
882,22,45.8830,15.5983,1.7657,2.6953,6.9779,5,15.1771,1.7555,goal,1.1884,5.1606
883,21,40.9372,15.0144,1.7420,3.3956,7.8855,5,15.0162,1.8027,goal,1.2397,5.1127
884,21,35.9123,15.5964,1.6900,3.1747,9.2855,5,14.6040,1.7719,goal,1.5216,3.7992
885,23,40.8334,15.2447,1.7212,3.8213,6.6532,5,12.5324,1.7216,goal,1.3104,4.2938
886,22,40.9500,15.1542,1.6651,2.4984,7.1089,5,14.2807,1.6794,goal,1.3381,4.6051
887,21,40.9338,15.3462,1.6784,3.3443,6.5649,5,14.9304,1.7562,goal,1.6399,7.1476
888,21,40.9880,15.1011,1.7861,4.8202,7.3375,5,15.1513,1.8113,goal,1.2216,5.7109
889,21,40.9170,15.2051,1.7077,4.9519,7.6405,5,14.5081,1.7205,goal,1.0906,4.2796
890,20,40.9413,15.1278,1.7578,4.4969,6.6808,5,16.1048,1.7696,goal,1.7117,8.5877
891,21,41.0311,15.1732,1.8509,3.2771,6.4508,5,15.9542,1.7881,goal,1.6329,4.2150
892,21,40.8719,15.5157,1.7026,4.5172,6.3398,5,15.2097,1.7391,goal,1.0536,3.5494
893,20,36.0071,15.1686,1.8243,6.1720,6.3470,5,15.5860,1.8580,goal,1.1943,4.1814
894,21,15.9955,15.2208,1.8480,3.7202,8.9752,5,13.8920,1.8203,goal,1.4216,7.3526
895,21,35.8770,15.3098,1.7609,3.9665,10.7893,5,14.5898,1.7230,goal,1.6009,7.9960
896,23,45.9583,15.5624,1.7606,2.9476,8.5941,5,16.8369,1.6947,goal,1.5721,4.7648
897,22,36.0663,15.3248,1.7766,2.5876,8.5511,5,15.6029,1.8064,goal,1.0664,2.8485
898,20,30.8381,15.6191,1.8155,4.4117,7.8250,5,15.1271,1.8589,goal,1.1177,3.9419
899,20,35.9340,15.0127,1.6983,10.2699,8.5929,5,15.9032,1.7186,goal,1.3503,5.9686
900,27,0.8311,5.1658,1.0171,3.8358,8.6388,1,5.1091,1.0171,collision,1.2635,7.4638
901,21,15.8269,15.1103,1.7249,3.0054,7.3351,5,13.3203,1.6810,goal,1.4929,6.7109
902,22,15.8586,15.3470,1.6998,2.7360,5.9666,5,13.2749,1.6479,goal,1.7213,5.4533
903,21,30.8811,15.3032,1.7679,7.2104,9.4060,5,15.2274,1.7398,goal,1.2642,5.0455
904,22,31.0412,15.5577,1.8102,5.9444,7.4513,5,14.3732,1.7227,goal,1.3581,4.5052
905,22,45.9012,15.4655,1.7642,4.6847,7.5306,5,15.9670,1.6921,goal,1.7439,5.4278
906,22,30.8721,15.3724,1.6843,4.6631,7.7551,5,13.7910,1.6848,goal,2.0184,6.9683
907,20,40.8811,15.2213,1.7427,4.2729,7.6031,5,15.2575,1.7349,goal,1.2244,4.3652
908,20,36.0101,15.1853,1.8601,5.1446,7.2525,5,16.0701,1.8320,goal,1.2525,3.9655
909,20,40.8190,15.1649,1.8027,4.9000,7.5403,5,15.8053,1.8014,goal,1.6100,6.2082
910,22,40.9062,15.1091,1.7340,4.1459,8.6844,5,15.4841,1.7077,goal,1.3839,7.6003
911,20,40.9116,15.0426,1.7407,3.7841,7.5832,5,15.4022,1.7812,goal,1.5002,4.8935
912,25,55.8174,15.5835,1.6138,4.7757,9.3788,5,15.0500,1.5731,goal,1.9178,7.8402
913,20,40.8081,15.3814,1.8990,4.3826,9.2725,5,17.2378,1.8672,goal,1.9014,9.5703
914,20,35.9151,15.0972,1.8279,3.1997,7.0767,5,17.3820,1.8566,goal,1.5109,5.5963
915,19,35.9024,15.2930,1.8442,2.9096,10.0060,5,15.8255,1.8651,goal,1.2026,3.3911
916,20,35.8772,15.2557,1.8676,3.2853,7.1011,5,16.6470,1.8065,goal,0.8317,2.8855
917,21,40.8352,15.1663,1.7667,5.4600,8.0364,5,16.7448,1.7039,goal,1.2560,5.2701
918,20,40.9023,15.3826,1.8333,3.4639,8.1974,5,17.0444,1.8070,goal,1.3295,4.8168
919,20,40.8884,15.0267,1.7915,5.2314,9.3167,5,17.2337,1.7603,goal,1.5730,5.7146
920,20,30.9558,15.5588,1.8269,4.7515,8.0331,5,15.8407,1.8505,goal,1.9847,6.3956
921,22,26.0271,15.1967,1.7418,3.7850,7.9189,5,16.0541,1.6603,goal,1.4610,5.0086
922,20,35.9978,15.4181,1.7602,3.6413,8.6005,5,17.9071,1.8005,goal,1.5569,6.4468
923,22,30.9789,15.3873,1.6332,5.4988,7.6851,5,16.8829,1.6449,goal,2.1549,6.9639
924,26,16.1103,15.1389,1.3412,4.4200,8.2210,5,13.8709,1.4154,goal,1.5849,7.6761
925,22,15.9096,15.0584,1.5936,6.1404,7.2128,5,15.2931,1.6202,goal,2.5788,8.4991
926,23,40.8899,15.4373,1.6150,4.0401,8.7039,5,16.4369,1.6336,goal,1.2644,6.5729
927,23,15.9505,15.5759,1.5482,5.9621,8.3150,5,13.0941,1.6690,goal,1.8348,5.6346
928,12,0.6687,3.9681,1.1845,4.8548,7.3892,1,3.9347,1.1845,collision,1.1437,2.4779
929,17,0.5351,3.9226,1.1222,9.7271,9.7149,1,5.4094,1.1222,collision,1.0316,2.3159
930,20,35.8242,15.1560,1.8805,6.7873,9.8583,5,18.0178,1.8622,goal,1.8983,9.1457
931,21,45.8700,15.3924,1.8032,3.3462,9.6548,5,17.2169,1.7899,goal,1.8052,5.7514
932,21,40.8165,15.0944,1.7183,4.4221,9.8120,5,16.5972,1.7575,goal,1.7635,6.9309
933,22,45.9213,15.0131,1.6847,5.5421,7.5969,5,16.7512,1.7327,goal,1.8466,8.4253
934,22,41.0025,15.2458,1.6243,8.6590,8.8067,5,17.8962,1.6229,goal,1.4761,4.0813
935,23,31.0728,15.6565,1.6001,5.8881,10.0870,5,16.3552,1.6558,goal,1.5469,8.5641
936,22,40.9534,15.0094,1.5618,4.3756,8.9589,5,17.3794,1.5602,goal,1.4163,4.3292
937,23,16.0923,15.0662,1.5243,4.1908,9.7701,5,16.0231,1.5258,goal,1.6791,4.7072
938,23,41.0578,15.3667,1.6342,5.0659,8.8637,5,16.1887,1.6666,goal,1.5350,4.8209
939,21,40.9571,15.2567,1.7721,9.0294,10.4609,5,17.7439,1.7731,goal,1.4624,3.7648
940,20,35.9627,15.1039,1.8304,8.8001,9.4326,5,17.8252,1.8572,goal,1.1828,3.8517
941,21,40.9993,15.1637,1.6824,6.9811,9.4875,5,17.3555,1.7211,goal,2.0746,8.8755
942,25,61.0246,15.2146,1.6474,4.9540,7.8980,5,16.4621,1.6509,goal,2.3357,9.8397
943,26,56.1317,15.1157,1.6035,6.5297,7.9976,5,16.3954,1.5996,goal,2.5578,13.6524
944,30,64.9233,15.3351,1.5552,7.6968,9.6331,4,14.6629,1.5426,collision,3.0398,11.5323
945,28,70.9004,15.2925,1.5951,6.8293,8.1322,5,16.1412,1.6242,goal,1.6721,8.3088
946,23,45.9884,15.2649,1.6809,11.5878,8.7888,5,17.5415,1.6676,goal,2.3866,12.1024
947,22,40.9570,15.1149,1.5795,4.7066,6.3246,5,18.1392,1.5951,goal,1.7212,4.7578
948,23,41.0118,15.4210,1.6535,5.5532,6.9584,5,19.1359,1.5620,goal,1.2197,2.7644
949,19,0.5604,3.9605,1.0196,4.6976,10.4471,1,6.2544,1.0196,collision,1.1082,2.5197
950,22,30.9765,15.4453,1.6331,4.5396,8.2649,5,15.5336,1.6509,goal,1.4317,5.1968
951,20,35.9808,15.2638,1.7674,4.9022,8.2462,5,18.0359,1.7650,goal,1.5525,5.1635
952,20,40.9875,15.5517,1.8036,11.0933,8.3530,5,18.9474,1.7774,goal,1.4465,4.7888
953,14,0.2812,3.9291,1.0566,10.6107,10.9190,1,10.7054,1.0566,collision,1.6132,6.2522
954,20,40.9860,15.3502,1.7873,8.2062,10.0822,5,18.1065,1.8096,goal,2.0446,6.8678
955,21,41.0812,15.3352,1.8280,6.7584,11.5539,5,18.6721,1.8089,goal,1.5935,4.4277
956,23,56.0120,15.3086,1.7647,4.9258,10.2781,5,17.7827,1.7223,goal,2.0076,5.1786
957,20,41.0077,15.2377,1.7498,10.6562,8.8562,5,18.2152,1.8061,goal,1.6926,7.2133
958,21,45.9478,15.0573,1.7554,5.3002,9.9817,5,18.2674,1.7297,goal,1.9486,5.9006
959,21,40.7421,15.1578,1.7566,5.1525,7.3779,5,17.7147,1.7294,goal,1.2225,4.1905
960,21,40.9604,15.4121,1.8266,5.0737,8.6705,5,19.5158,1.8638,goal,1.5085,5.1892
961,23,40.9318,15.0689,1.5293,4.3366,10.6305,5,16.0914,1.4938,goal,2.0784,6.7525
962,22,20.8957,15.2104,1.6784,8.3452,8.2734,5,16.3220,1.6810,goal,1.9153,9.5354
963,27,16.0723,15.0574,1.3915,5.4303,8.6625,5,15.6360,1.4091,goal,1.9127,11.0196
964,23,35.9481,15.0505,1.6472,7.7372,11.3857,5,17.7660,1.5860,goal,1.8115,4.4279
965,21,15.8795,15.5365,1.6752,6.3934,10.2415,5,16.3147,1.7090,goal,2.0874,5.7026
966,22,15.9962,15.3169,1.6871,5.8628,9.9748,5,16.2232,1.6592,goal,1.7528,6.4286
967,21,26.0051,15.1405,1.7533,6.5852,8.7530,5,17.8050,1.8095,goal,2.4863,12.3054
968,21,40.9738,15.2208,1.7162,5.0914,7.5175,5,20.0300,1.7177,goal,1.6319,6.5083
969,21,45.9491,15.0145,1.6685,4.7506,11.4823,5,19.4610,1.6698,goal,1.4712,4.7051
970,23,50.7439,15.3020,1.5840,8.1786,8.1318,5,16.8294,1.5909,goal,2.5983,13.6827
971,20,40.9576,15.0561,1.7932,8.6377,10.2211,5,18.8260,1.8234,goal,1.3196,4.5076
972,21,45.8341,15.3263,1.7197,6.3203,8.3025,5,18.6103,1.7684,goal,1.1861,3.9034
973,21,40.8004,15.5456,1.7660,6.0289,11.6556,5,18.4628,1.7627,goal,2.0519,15.2551
974,21,40.9828,15.0978,1.7331,7.6988,9.3466,5,17.8599,1.7005,goal,1.3653,4.8317
975,21,41.0372,15.3084,1.7634,5.0468,10.4138,5,19.5612,1.7508,goal,1.4442,5.2596
976,21,45.9426,15.4659,1.7546,4.8605,11.3953,5,20.0823,1.7250,goal,1.5119,4.4156
977,21,36.0380,15.2186,1.6943,5.0413,11.7870,5,18.3203,1.7158,goal,1.5379,4.1248
978,20,41.0488,15.2680,1.8555,6.5010,9.5037,5,19.6400,1.8114,goal,1.8154,8.1265
979,29,0.5298,3.9568,1.0509,7.5676,9.2490,1,7.6146,1.0509,collision,1.1391,2.6343
980,20,40.9467,15.3816,1.8451,4.4754,8.8300,5,18.9361,1.8647,goal,2.2295,8.9588
981,19,35.9151,15.2201,1.9398,4.2032,10.3117,5,19.4260,1.8905,goal,1.6643,5.3778
982,20,40.9166,15.1626,1.8365,4.8811,10.5606,5,19.6763,1.7997,goal,1.4341,4.6706
983,19,40.9663,15.5471,1.9085,6.5298,10.1794,5,20.3473,1.8995,goal,1.6005,6.7426
984,19,35.9468,15.2359,1.8811,3.3653,9.0630,5,19.1226,1.8418,goal,1.3967,3.8440
985,19,35.7798,15.0207,1.9141,3.5825,8.5409,5,20.5964,1.9018,goal,2.0819,8.8763
986,19,40.8864,15.5328,1.9991,5.2845,10.6681,5,19.7227,1.9713,goal,1.4137,5.5294
987,21,45.8066,15.0334,1.7653,5.7611,9.4389,5,18.8642,1.7224,goal,2.1055,5.4201
988,19,35.8489,15.4978,1.9826,7.1520,10.5045,5,19.9637,1.9598,goal,1.1716,5.0029
989,19,40.8571,15.4959,1.9369,3.7178,11.9388,5,19.8967,1.9315,goal,1.6095,7.2487
990,19,40.9504,15.2366,1.8860,6.2101,10.7661,5,20.0006,1.9138,goal,1.6793,5.2135
991,21,40.9545,15.0092,1.7126,3.9561,11.4418,5,19.8441,1.7174,goal,1.0320,3.1799
992,22,50.9255,15.2343,1.6892,3.5370,9.5806,5,19.5081,1.6772,goal,1.3993,7.8100
993,20,40.9838,15.3700,1.8006,7.6852,9.7816,5,20.5994,1.7779,goal,1.9923,9.6451
994,20,41.0250,15.0374,1.8412,4.9259,9.4205,5,21.3809,1.8078,goal,1.8602,5.8889
995,20,41.0897,15.0291,1.8603,7.9164,12.0828,5,19.9885,1.8412,goal,1.7240,6.1861
996,20,40.8393,15.3325,1.8027,4.8803,11.5351,5,19.9232,1.8061,goal,1.4147,6.5502
997,20,40.9685,15.0309,1.9147,6.7047,13.8534,5,21.2577,1.8454,goal,0.9621,2.8562
998,19,35.9667,15.0054,1.8578,5.8706,10.0447,5,21.8345,1.8413,goal,1.5966,7.8645
999,21,46.0424,15.2644,1.7707,4.5173,12.1562,5,20.7194,1.7115,goal,1.6564,5.4993
1000,20,40.8283,15.2146,1.8061,5.2248,7.9801,5,19.6659,1.7867,goal,1.9503,7.2078
1001,20,46.0455,15.3509,1.7544,7.3890,13.0399,5,21.2515,1.7528,goal,1.7715,6.6725
1002,20,41.0435,15.1789,1.7973,4.2044,11.2907,5,20.6880,1.7829,goal,1.5318,5.6469
1003,20,40.9308,15.3833,1.7521,7.0140,11.3503,5,20.4781,1.7283,goal,1.6703,5.6473
1004,21,45.9037,15.3257,1.7067,3.0082,11.0987,5,20.2087,1.7021,goal,1.5292,6.7105
1005,22,51.0359,15.2653,1.7389,3.7957,8.2416,5,19.7365,1.6932,goal,2.3913,9.7368
1006,20,45.9539,15.3883,1.8109,3.5673,8.8915,5,20.9681,1.8128,goal,1.6563,4.1053
1007,19,40.9813,15.4049,1.8580,6.2065,12.0473,5,21.3516,1.8727,goal,1.2829,3.7667
1008,20,40.9128,15.0157,1.8161,5.1130,9.9284,5,21.9887,1.7485,goal,1.4406,4.6998
1009,20,40.8700,15.1377,1.7557,5.9568,12.0636,5,20.6476,1.7287,goal,1.4826,4.0586
1010,19,40.7810,15.2495,2.0098,4.1268,10.9879,5,21.2012,1.9323,goal,1.2635,6.0063
1011,18,35.8988,15.2281,2.0639,6.7718,9.7942,5,21.4086,2.0265,goal,1.8206,8.7301
1012,19,40.9847,15.0287,1.8540,6.4229,10.1391,5,22.0668,1.8502,goal,1.7791,6.5242
1013,20,40.7805,15.0304,1.7675,6.6090,11.9044,5,20.4113,1.8188,goal,2.0680,10.5318
1014,21,46.0774,15.2106,1.7475,6.3842,9.4381,5,21.9863,1.6907,goal,1.2733,6.4223
1015,20,41.0594,15.0797,1.7485,5.0288,10.1285,5,21.0941,1.7493,goal,1.4436,6.1339
1016,21,46.0011,15.1776,1.7342,7.1738,10.2417,5,21.2594,1.7205,goal,1.6197,6.4162
1017,21,41.0310,15.2819,1.7310,8.1012,11.2200,5,21.1823,1.7520,goal,1.6355,6.2344
1018,20,41.0017,15.3494,1.7904,12.1938,11.5882,5,21.6230,1.7952,goal,1.5702,3.8984
1019,21,40.9676,15.2415,1.7434,6.0677,9.6737,5,20.7723,1.7469,goal,1.3493,4.8154
1020,20,40.8956,15.1769,1.6886,3.6286,10.9898,5,19.5467,1.6899,goal,1.6087,4.9362
1021,20,35.9281,15.4051,1.8243,8.2089,10.7318,5,20.3970,1.7965,goal,1.6962,5.5793
1022,20,41.0216,15.2082,1.9077,4.7756,8.6714,5,21.5160,1.8439,goal,1.5295,5.6235
1023,19,36.0054,15.0689,1.9015,7.4371,12.8510,5,22.1410,1.8259,goal,1.1123,3.9241
1024,19,40.8742,15.1832,1.9220,4.6457,8.6184,5,21.8359,1.8890,goal,2.2625,9.5337
1025,22,55.8782,15.1327,1.8086,5.8438,12.3900,5,19.9086,1.8411,goal,1.9014,4.9049
1026,24,60.9544,15.1021,1.6270,6.5400,11.0505,5,19.7072,1.6076,goal,2.7217,8.6559
1027,21,45.9371,15.1941,1.8179,6.1792,10.6940,5,20.8349,1.7786,goal,1.7235,6.6901
1028,22,50.9410,15.0817,1.8369,4.8578,11.2832,5,19.7591,1.7871,goal,1.5234,5.8959
1029,20,40.9844,15.3073,1.8450,8.2976,11.0249,5,22.2573,1.8121,goal,1.6504,4.7715
1030,20,45.9456,15.0857,1.7699,6.3271,9.1403,5,22.1596,1.7239,goal,1.5228,4.0783
1031,19,40.8783,15.4523,1.8985,6.1752,11.3610,5,22.2121,1.8981,goal,1.9698,8.0668
1032,22,55.9076,15.0783,1.6816,3.7875,11.8484,5,20.3868,1.6941,goal,1.5281,4.4304
1033,19,35.9466,15.4656,1.9522,4.5337,11.1493,5,23.3524,1.9179,goal,1.8903,8.2258
1034,19,40.9179,15.0941,1.9093,3.1439,11.6751,5,23.0108,1.8977,goal,1.9001,6.6636
1035,19,41.0692,15.4151,1.8745,8.3658,11.3292,5,22.2248,1.8855,goal,1.5065,3.9538
1036,19,40.9880,15.0241,1.8881,5.9081,13.4611,5,21.5606,1.8852,goal,1.3517,4.3466
1037,19,40.9875,15.0931,1.8647,9.5761,8.4375,5,23.1772,1.8425,goal,1.6729,5.1779
1038,21,51.0858,15.1778,1.7965,3.1759,9.5198,5,21.9698,1.7213,goal,2.2726,13.3257
1039,21,50.8989,15.0209,1.7815,6.0358,9.9611,5,21.3472,1.7637,goal,2.1525,8.8862
1040,22,55.8230,15.0651,1.8623,8.9273,11.9958,5,18.8209,1.8179,goal,2.4849,9.6540
1041,21,46.0375,15.0373,1.7026,5.9582,11.4449,5,19.9351,1.7059,goal,2.4176,8.0822
1042,22,51.0871,15.1281,1.7076,4.3206,11.2747,5,20.3240,1.6871,goal,2.4427,8.9356
1043,23,55.8623,15.0776,1.7227,5.8498,12.1647,5,20.1783,1.6995,goal,1.8709,6.4717
1044,25,66.0620,15.2481,1.6275,10.1404,11.7949,5,20.6747,1.6225,goal,2.0603,6.2659
1045,23,60.8043,15.0663,1.7525,6.5073,8.9302,5,21.0378,1.7168,goal,2.7722,7.6233
1046,20,40.8092,15.2558,1.7618,4.7365,13.3857,5,22.1066,1.7686,goal,2.0153,8.0169
1047,21,40.8084,15.1054,1.6506,4.7662,11.7619,5,21.1269,1.6256,goal,1.8705,5.9497
1048,24,60.8981,15.1340,1.4003,4.3170,12.1192,5,20.9841,1.4458,goal,1.8590,5.5388
1049,21,45.8766,15.0172,1.6503,7.9403,9.2707,5,21.4768,1.6064,goal,2.0509,11.1797
1050,27,76.0375,15.1401,1.4195,5.7872,11.6560,5,19.9422,1.4446,goal,3.2994,9.3029
1051,22,50.8591,15.1157,1.7340,5.4463,10.8712,5,21.7654,1.7328,goal,1.9760,6.1410
1052,21,50.8807,15.1793,1.7358,4.8959,9.8691,5,22.3522,1.7078,goal,1.7971,6.1911
1053,22,50.7510,15.0103,1.8351,4.7552,11.4234,5,21.9379,1.8434,goal,2.4530,7.8634
1054,19,29.8121,14.4805,1.8935,5.1500,11.2319,4,22.4902,1.8862,collision,2.1253,14.3703
1055,24,60.7955,15.1605,1.6401,4.4405,13.6410,5,21.5427,1.6819,goal,2.3369,8.3860
1056,27,71.0452,15.1196,1.6024,8.6342,12.2157,5,20.0966,1.6164,goal,2.5144,6.3310
1057,28,76.0784,15.2007,1.5172,7.8409,8.8505,5,20.8198,1.4986,goal,2.5206,7.2689
1058,24,60.9650,15.0565,1.5423,4.8210,13.9109,5,20.8111,1.5509,goal,2.8550,9.6921
1059,20,45.9767,15.0941,1.7160,8.6763,10.9427,5,22.9168,1.7281,goal,1.4412,7.0853
1060,26,50.8601,15.1256,1.5876,4.7738,13.9321,5,19.4364,1.5920,goal,2.2281,7.5543
1061,19,40.9863,15.0138,1.8938,4.5569,10.0930,5,24.4757,1.8876,goal,1.6985,6.5029
1062,27,70.9603,15.0557,1.5238,12.8981,12.8544,5,22.1658,1.5122,goal,2.8110,9.4630
1063,19,0.4002,3.9299,1.0662,8.7174,10.8641,1,13.9428,1.0662,collision,1.6125,4.0394
1064,28,56.0832,15.1772,1.4161,5.4183,15.1359,5,21.8851,1.4258,goal,1.8384,6.9877
1065,26,26.0716,15.2023,1.3830,10.4528,12.3000,5,20.8209,1.4258,goal,1.9957,7.4336
1066,23,46.1025,15.0083,1.5837,7.2374,12.3995,5,24.1136,1.5638,goal,2.0170,11.1406
1067,22,21.1175,15.1143,1.5754,11.8298,11.6365,5,22.0454,1.6109,goal,2.3179,8.3948
1068,22,41.0558,15.0137,1.6563,7.8108,11.2868,5,22.1702,1.6499,goal,1.9301,8.0214
1069,22,51.0830,15.1394,1.6169,5.3725,14.2182,5,23.5554,1.6021,goal,1.4073,4.9108
1070,20,45.9506,15.2085,1.6953,4.4665,11.9667,5,23.2246,1.7129,goal,1.9134,5.4585
1071,21,50.8240,15.0271,1.8419,4.7010,11.2056,5,22.9465,1.8191,goal,1.5634,3.9082
1072,26,75.8224,15.0919,1.7443,6.6996,12.0586,5,21.0635,1.7023,goal,1.7756,5.9767
1073,26,70.8323,15.0050,1.5383,7.2940,13.2152,5,21.9159,1.5377,goal,1.8402,6.1159
1074,23,55.8568,15.1040,1.7458,5.6544,12.5845,5,22.9602,1.7577,goal,1.5372,5.9811
1075,23,55.8549,15.0010,1.6835,7.4521,13.6605,5,23.5929,1.6634,goal,1.5974,5.8930
1076,14,0.5403,3.9402,1.0454,7.0167,13.7060,1,8.1945,1.0454,collision,1.6853,4.8352
1077,24,0.2375,5.5838,1.1100,6.1830,11.9302,1,16.7631,1.1100,collision,2.6704,16.0381
1078,20,45.9604,15.0157,1.6663,6.2494,13.2297,5,23.7820,1.6823,goal,1.7196,4.9709
1079,21,51.0757,15.2027,1.6445,4.4043,11.6130,5,22.9471,1.6488,goal,2.0414,5.4360
1080,23,60.8905,15.0423,1.6173,8.6863,15.0898,5,22.9387,1.6363,goal,1.5480,4.6131
1081,22,50.9988,15.0343,1.6929,9.4158,12.9992,5,24.0335,1.6615,goal,1.3446,4.8731
1082,22,51.0333,15.1199,1.6434,8.5786,13.7216,5,23.5422,1.6284,goal,1.8029,5.8660
1083,22,56.0864,15.0746,1.5675,11.7974,12.0160,5,24.9830,1.5750,goal,1.4890,9.5836
1084,22,51.0705,15.1788,1.5769,6.3464,12.4982,5,24.6071,1.5540,goal,1.5370,7.5305
1085,23,26.1512,15.3544,1.6146,5.4176,12.0303,5,21.8349,1.6366,goal,1.5170,7.8773
1086,22,16.0758,15.2208,1.6292,5.4214,12.2759,5,21.8867,1.6236,goal,2.7377,8.7313
1087,21,36.1049,15.0085,1.6575,7.6904,11.2497,5,24.4113,1.6498,goal,1.8390,10.3883
1088,22,41.0654,15.0986,1.5976,7.1730,9.8825,5,23.0347,1.5883,goal,1.7549,7.4751
1089,21,51.0088,15.0284,1.6889,10.2666,11.5088,5,24.1089,1.7008,goal,1.5526,5.3608
1090,22,56.0559,15.0511,1.6962,10.1124,11.5979,5,24.4263,1.7045,goal,1.6497,7.8919
1091,25,66.0923,15.0197,1.4821,6.5559,13.7313,5,23.7445,1.4784,goal,2.1643,9.7553
1092,24,61.1378,15.0008,1.5846,6.6209,16.1608,5,23.3972,1.5763,goal,2.0321,8.8148
1093,24,60.9603,15.0237,1.6865,5.5063,12.1749,5,23.3587,1.6801,goal,1.9815,5.5394
1094,22,51.0883,15.0433,1.6572,6.3670,11.9274,5,24.6486,1.6523,goal,1.7380,9.0574
1095,27,41.1984,15.0551,1.5111,5.5559,12.7928,5,21.2539,1.5059,goal,1.6599,5.3202
1096,21,45.9596,15.0110,1.6867,8.2318,12.1617,5,23.9869,1.6784,goal,1.1168,4.1667
1097,25,66.0537,15.0681,1.6100,6.3132,15.4536,5,22.0862,1.6008,goal,2.5180,8.3984
1098,30,90.8192,15.0917,1.3589,12.8040,12.5152,5,22.5074,1.3420,goal,1.6299,8.9681
1099,34,95.8438,15.1645,1.2237,6.2851,14.1130,5,20.9950,1.2222,goal,2.0390,6.9732
1100,30,76.0322,15.0334,1.3952,10.7759,14.5596,5,21.6089,1.4105,goal,2.6084,7.3570
1101,30,61.0261,15.0040,1.3495,6.1674,15.0580,5,21.1974,1.3493,goal,2.1562,5.2549
1102,28,31.1191,15.0627,1.3971,11.0475,11.3223,5,19.5905,1.3846,goal,1.9909,8.0785
1103,25,56.1367,15.0012,1.4406,6.7045,15.4035,5,24.3625,1.4623,goal,2.6773,9.7504
1104,14,0.5070,3.9502,1.1308,7.3361,12.5926,1,10.4096,1.1308,collision,1.3331,3.5939
1105,26,66.0474,15.1660,1.4023,7.6220,14.8125,5,22.9837,1.3917,goal,1.9932,10.0085
1106,39,71.0493,15.2281,1.3945,7.6661,14.5413,5,18.5152,1.4018,goal,2.0445,5.9245
1107,24,0.3007,3.9258,1.0294,4.2219,15.6994,1,9.4757,1.0294,collision,1.7431,6.9479
1108,38,81.0857,15.0477,1.3074,6.5576,14.3134,5,20.4893,1.3084,goal,2.1842,9.7664
1109,32,76.0009,15.0076,1.3135,5.5991,13.0130,5,21.4395,1.3247,goal,1.9836,7.7343
1110,45,96.0163,15.1293,1.0695,4.8835,13.0770,5,19.6958,1.0615,goal,2.1377,10.0344
1111,32,80.9358,15.0557,1.3419,6.0306,13.1358,5,20.4419,1.3288,goal,1.9583,5.2473
1112,35,85.8906,15.1068,1.2476,6.8167,13.4771,5,21.2041,1.2430,goal,1.9038,6.4191
1113,26,60.9671,15.0435,1.4790,4.1978,16.7626,5,21.8408,1.4748,goal,2.0816,6.3632
1114,25,56.0534,15.0224,1.4932,5.7889,12.9052,5,23.8822,1.4954,goal,2.4879,9.0477
1115,39,71.1355,15.2073,1.4416,6.5047,13.5178,5,19.6985,1.4369,goal,2.5762,11.9064
1116,30,0.4310,3.9286,0.9491,7.5640,14.9474,1,12.7719,0.9491,collision,1.6889,4.2076
1117,38,126.0714,15.0505,1.1922,8.0142,14.1848,5,23.7908,1.2019,goal,2.4817,14.3428
1118,43,130.9555,15.1501,1.2431,8.5102,13.3641,5,23.9485,1.2338,goal,2.7909,12.5884
1119,35,100.9777,15.1938,1.3091,5.3752,15.4124,5,21.0373,1.3184,goal,1.8252,6.7621
1120,31,80.9072,15.0935,1.2539,12.0402,15.3130,5,22.4174,1.2577,goal,1.6605,9.2164
1121,34,95.9017,15.0818,1.1777,4.9568,15.2800,5,22.9323,1.1717,goal,1.7300,6.3864
1122,50,96.0369,15.0692,1.0912,5.8290,13.8579,5,20.1330,1.0863,goal,1.8842,10.5497
1123,49,136.1071,15.1459,1.0912,8.1289,13.4322,5,22.0948,1.0867,goal,2.0146,6.3775
1124,56,190.7645,15.0204,1.1011,7.5833,16.4143,5,23.0406,1.1033,goal,3.2342,9.5331
1125,73,290.0015,15.0926,0.8786,11.5419,14.5454,5,23.0500,0.8773,goal,2.7572,11.0413
1126,70,210.6252,15.0096,0.9761,6.6178,17.6146,5,22.0682,0.9774,goal,2.1669,7.8669
1127,53,195.4601,15.0295,1.0631,7.6101,15.8002,5,24.7906,1.0600,goal,2.2513,11.9902
1128,30,95.7204,15.0047,1.3306,13.5944,14.7623,5,23.3843,1.3257,goal,2.8515,11.4396
1129,32,85.9117,15.0107,1.3070,6.3158,13.1675,5,21.8769,1.3096,goal,2.0749,7.2836
1130,40,76.3802,15.1024,1.1141,5.5241,14.6588,5,21.4966,1.1109,goal,2.1323,7.6692
1131,38,56.3511,15.0296,1.1808,6.7913,14.3641,5,20.6027,1.1820,goal,2.5616,8.0941
1132,33,71.1176,15.1051,1.2184,5.8346,16.8244,5,24.0229,1.2165,goal,2.2643,13.5189
1133,45,71.4540,15.0456,1.0849,6.8756,14.2843,5,21.6338,1.0841,goal,1.9584,13.8827
1134,42,116.0833,15.0540,1.1545,6.9363,17.6394,5,24.6703,1.1566,goal,2.3659,12.6508
1135,28,76.0895,15.0654,1.4318,14.2612,14.0846,5,26.4731,1.4331,goal,2.4774,14.2492
1136,57,225.1356,15.1685,0.8960,9.8326,16.8391,5,24.1511,0.8966,goal,4.0877,10.4193
1137,42,136.1355,15.0641,1.1097,9.3976,17.9349,5,25.7715,1.1096,goal,2.6238,12.3432
1138,42,121.1473,15.0367,1.1235,6.8044,15.6592,5,25.6389,1.1232,goal,2.5491,12.0444
1139,61,116.1342,15.2556,0.9723,9.0719,19.7112,5,22.5890,0.9700,goal,1.9154,14.1252
1140,49,66.4623,15.2426,1.1808,6.8942,17.2781,5,21.3311,1.1802,goal,2.4103,11.7080
1141,52,56.3831,15.2317,1.1248,8.1218,16.3112,5,22.3191,1.1239,goal,2.1910,9.5491
1142,43,51.4009,15.0181,1.1594,6.8161,17.3733,5,21.2470,1.1600,goal,2.8816,10.2831
1143,20,0.5202,3.9752,1.0474,5.6111,20.0006,1,12.4655,1.0474,collision,2.5479,6.1808
1144,18,0.4949,3.9581,1.0761,11.6662,18.2967,1,13.5175,1.0761,collision,1.6667,3.3967
1145,45,76.2426,15.1870,1.1162,6.8528,18.9001,5,23.8866,1.1141,goal,2.2318,8.1763
1146,39,61.2838,15.1489,1.1642,9.5494,19.7321,5,22.6962,1.1645,goal,2.0712,6.9575
1147,39,16.1673,15.0299,1.1442,7.8636,17.8051,5,21.3825,1.1441,goal,3.3410,12.9731
1148,43,71.2321,15.0870,1.1825,8.3918,18.1595,5,21.9259,1.1836,goal,3.2841,15.4749
1149,49,76.3096,15.2642,1.1067,11.9454,19.6491,5,23.1018,1.1069,goal,2.3603,13.9719
1150,27,0.2372,4.0363,0.9707,7.3307,17.9763,1,21.5970,0.9707,collision,2.0798,11.3282
1151,50,71.3499,15.2154,1.0535,9.2392,18.2884,5,22.9685,1.0528,goal,2.7462,9.6127
1152,41,61.4484,15.0497,1.2904,9.5133,19.5805,5,23.7286,1.2890,goal,2.8814,9.7195
1153,48,66.3304,15.2085,1.1479,9.2876,16.9970,5,21.8689,1.1483,goal,2.8615,12.7273
1154,55,86.6622,15.0702,1.0144,8.7847,18.0932,5,23.6598,1.0163,goal,2.3077,7.6008
1155,76,106.6626,15.0662,0.9613,7.1814,19.1587,5,22.9393,0.9620,goal,2.2871,9.8387
1156,72,101.0821,15.0433,0.9968,9.4223,17.8749,5,24.6534,0.9973,goal,2.5952,16.6912
1157,44,96.5572,15.0228,1.0273,9.8440,21.1037,5,26.6751,1.0297,goal,1.5431,5.9319
1158,23,0.2998,3.9709,0.9617,8.5952,17.9191,1,20.3445,0.9617,collision,1.6845,3.5911
1159,45,36.4664,15.1528,1.1709,9.1989,19.9106,5,21.1414,1.1706,goal,2.5677,15.3818
1160,39,16.2841,15.1835,1.1860,12.5811,17.3007,5,22.4167,1.1880,goal,3.3086,13.8253
1161,44,16.2651,15.1650,1.0409,12.2596,17.1691,5,21.0294,1.0406,goal,2.1213,16.0170
1162,42,16.0963,15.1704,1.0171,7.9263,21.8093,5,22.0396,1.0170,goal,2.1888,18.8115
1163,59,31.1140,15.1498,0.8882,8.4025,17.9704,5,21.4887,0.8886,goal,2.0108,14.4199
1164,42,91.4726,15.1570,1.0794,7.6867,23.0286,5,26.0323,1.0789,goal,2.5241,9.5866
1165,38,91.3596,15.1393,1.2607,6.9346,16.7888,5,28.9245,1.2612,goal,3.0591,15.3902
1166,35,61.4319,15.0643,1.1622,8.6327,22.0721,5,25.5874,1.1619,goal,2.2414,14.1164
1167,47,16.2328,15.0126,0.9978,8.6037,18.4737,5,21.9654,0.9987,goal,3.5947,10.6327
1168,45,15.9474,15.2012,0.9898,10.9393,20.1371,5,22.6819,0.9895,goal,2.3797,19.1057
1169,48,16.2300,15.0697,1.0017,10.0572,22.1794,5,24.5517,1.0036,goal,3.2492,9.8528
1170,34,51.4885,15.1550,1.2006,14.4497,22.4976,5,26.9533,1.1990,goal,2.7379,12.5341
1171,31,56.3177,15.2433,1.2938,22.8102,23.9392,5,26.9948,1.2933,goal,3.5128,10.5156
1172,30,56.3401,15.2914,1.3364,11.1534,23.8444,5,27.8707,1.3392,goal,3.2275,11.3779
1173,29,51.3395,15.3820,1.3671,13.6812,18.8159,5,28.3404,1.3665,goal,2.1693,13.5252
1174,44,16.0914,15.1993,1.1526,11.3111,20.6145,5,22.1965,1.1541,goal,2.5346,9.9700
1175,41,16.1206,15.3733,0.9925,6.9014,22.7756,5,22.5710,0.9930,goal,2.6125,10.4763
1176,47,15.9678,15.3081,0.9316,8.7233,21.1552,5,22.2714,0.9307,goal,3.2756,10.0860
1177,61,15.7638,15.1020,0.8584,10.6263,21.9149,5,21.8259,0.8582,goal,2.8724,10.6028
1178,64,71.5925,15.1181,0.9241,10.9756,21.4942,5,25.1663,0.9223,goal,2.8532,15.0641
1179,62,196.1340,15.0325,1.0972,7.1705,22.3316,5,32.0316,1.0976,goal,3.5414,12.8289
1180,64,96.4841,15.1350,1.0905,9.5690,22.2342,5,29.0607,1.0901,goal,3.1412,9.3161
1181,70,140.8396,15.0400,0.9320,12.7202,21.8474,5,28.7827,0.9309,goal,3.0790,9.9884
1182,25,0.5948,3.9350,1.1053,9.4445,21.8986,1,18.0793,1.1053,collision,3.2641,13.2281
1183,46,16.7279,15.2362,1.1324,8.0317,23.0558,5,24.2936,1.1326,goal,2.0533,9.5771
1184,31,21.4325,15.0179,1.3211,15.2824,20.1401,5,26.9175,1.3179,goal,3.7018,13.4551
1185,28,36.3872,15.0416,1.3373,10.7986,24.2396,5,25.8154,1.3368,goal,2.3162,6.5014
1186,39,16.4320,15.0234,1.2041,12.5934,20.3261,5,21.2568,1.2013,goal,2.3192,7.7510
1187,35,61.3176,15.2025,1.2778,14.4985,21.8409,5,29.1300,1.2767,goal,3.8806,12.3108
1188,60,71.3864,15.0565,1.0658,10.3923,19.7980,5,26.5797,1.0655,goal,3.6863,12.7275
1189,65,111.4989,15.0613,0.9195,10.5004,20.9883,5,28.8040,0.9200,goal,2.4024,10.8328
1190,89,77.0868,15.0321,1.0100,10.3453,21.7068,5,24.5690,1.0082,goal,3.3317,10.1435
1191,85,167.4358,15.0335,0.9087,9.2772,23.6599,5,29.0701,0.9081,goal,3.4950,11.4082
1192,84,186.4471,15.0815,0.9390,8.6632,24.1459,5,28.9008,0.9397,goal,3.3090,23.0866
1193,59,80.9683,15.0957,0.9223,9.1064,25.6743,5,35.4763,0.9216,goal,3.3014,11.4596
1194,42,131.3221,15.0146,1.1802,12.3896,27.2530,5,30.4307,1.1772,goal,2.8838,9.8874
1195,75,107.6418,15.3976,0.9508,12.3591,28.2396,5,24.1044,0.9475,goal,2.8220,9.2472
1196,63,91.9257,15.0358,1.0421,9.1374,27.5358,5,29.3012,1.0431,goal,3.1740,19.7715
1197,70,77.6660,15.1050,1.0834,8.4646,25.4424,5,24.7798,1.0817,goal,2.4867,13.7429
1198,77,82.7070,15.3972,1.1121,13.8914,25.5931,5,23.6320,1.1117,goal,2.8242,9.9256
1199,90,67.8007,15.1804,1.1876,10.0065,25.1417,5,23.4531,1.1876,goal,2.9087,12.3898
1200,60,66.9658,15.1141,1.1317,10.3714,24.0376,5,30.0016,1.1311,goal,2.2650,9.8456
1201,68,77.0639,15.0252,0.9592,13.3516,26.2176,5,28.8538,0.9585,goal,2.3104,10.8343
1202,86,72.0717,15.0823,1.2939,7.3749,26.4627,5,36.7852,1.2923,goal,3.3612,15.0928
1203,82,121.9865,15.2457,1.0497,10.0752,23.4684,5,34.8384,1.0499,goal,3.3392,11.5349
1204,73,146.9552,15.1705,1.0018,9.8332,23.4033,5,36.2977,1.0032,goal,3.7123,17.5530
1205,82,97.6185,15.1964,1.0871,14.9532,26.4857,5,27.4346,1.0850,goal,3.0475,12.3305
1206,17,0.5868,3.9313,1.1005,14.5850,25.3768,1,19.2569,1.1005,collision,1.6482,4.4491
1207,42,126.3318,15.0247,1.1937,13.5666,21.7591,5,38.8957,1.1935,goal,3.1586,13.8081
1208,120,152.6773,15.1827,0.9308,10.6501,26.2012,5,24.9985,0.9311,goal,3.0772,13.0910
1209,101,128.0326,15.5159,1.0319,10.9335,26.2440,5,27.5499,1.0298,goal,3.0978,12.7764
1210,72,91.6721,15.0755,1.0003,12.3054,30.1771,5,28.9326,1.0006,goal,3.5714,25.5796
1211,85,82.0867,15.0035,1.0399,11.3811,28.0003,5,30.7012,1.0396,goal,4.6792,26.3657
1212,71,151.9444,15.0416,1.0393,10.0323,29.5629,5,36.2863,1.0385,goal,3.6767,21.0175
1213,99,130.8916,15.0351,0.8418,9.7380,30.0485,5,33.0735,0.8403,goal,3.6893,29.6001
1214,122,230.5365,15.0513,0.7928,12.9505,27.4800,5,32.1946,0.7928,goal,3.4651,17.0112
1215,72,191.7260,15.1204,1.0648,8.4867,28.4851,5,35.9828,1.0629,goal,2.8090,14.1156
1216,43,146.2481,15.0117,1.2001,16.1720,25.6652,5,39.3633,1.1991,goal,2.9770,12.2046
1217,46,161.1564,15.1190,1.2095,10.4043,30.0356,5,41.7213,1.2096,goal,3.7125,13.7095
1218,70,235.3620,14.1930,1.1123,9.7701,31.0862,4,42.9637,1.1119,collision,4.1027,29.6732
1219,79,170.8936,14.8223,1.0523,8.6149,26.8723,4,38.3912,1.0526,collision,3.6053,28.6607
1220,97,275.6530,14.4701,0.9128,9.4342,31.6216,4,37.4560,0.9111,collision,3.3446,29.9256
1221,61,135.7846,14.9966,0.9291,12.4168,29.4037,4,36.9305,0.9287,collision,3.3310,27.7914
1222,62,145.8419,14.6051,0.9053,15.5432,30.4330,4,35.8238,0.9042,collision,2.8074,27.2312
1223,86,135.0869,13.9937,0.8783,15.7826,31.2605,4,35.2716,0.8794,collision,4.5196,21.6921
1224,66,121.7648,15.1148,0.8956,10.8662,32.8270,5,36.1430,0.8966,goal,2.8220,14.9924
1225,170,306.2877,15.1574,0.7283,9.1154,30.3345,5,28.9989,0.7285,goal,3.4070,16.5941
1226,61,176.5013,15.1152,0.8155,8.5575,27.0067,5,39.1396,0.8173,goal,2.5850,18.3200
1227,70,175.7287,14.3842,0.9375,13.2054,29.7619,4,36.9355,0.9387,collision,4.1239,25.1994
